ticker,name
AAPL,Apple Inc.
NVDA,NVIDIA CORP
GOOGL,Alphabet Inc.
MSFT,MICROSOFT CORP
AMZN,AMAZON COM INC
AVGO,Broadcom Inc.
META,"Meta Platforms, Inc."
TSLA,"Tesla, Inc."
LLY,ELI LILLY & Co
JPM,JPMORGAN CHASE & CO
SKHY,SK hynix Inc.
MU,MICRON TECHNOLOGY INC
WMT,Walmart Inc.
AMD,ADVANCED MICRO DEVICES INC
V,VISA INC.
JNJ,JOHNSON & JOHNSON
XOM,ExxonMobil Holdings Corp
ASML,ASML HOLDING NV
MA,Mastercard Inc
ABBV,AbbVie Inc.
CSCO,"CISCO SYSTEMS, INC."
BAC,BANK OF AMERICA CORP /DE/
INTC,INTEL CORP
COST,COSTCO WHOLESALE CORP /NEW
UNH,UNITEDHEALTH GROUP INC
CAT,CATERPILLAR INC
KO,COCA COLA CO
AMAT,APPLIED MATERIALS INC /DE
GE,GENERAL ELECTRIC CO
CVX,CHEVRON CORP
CYATY,"Contemporary Amperex Technology Co., Lim"
HSBC,HSBC HOLDINGS PLC
PG,PROCTER & GAMBLE Co
ORCL,ORACLE CORP
HD,"HOME DEPOT, INC."
LRCX,LAM RESEARCH CORP
MS,MORGAN STANLEY
MRK,"Merck & Co., Inc."
PM,Philip Morris International Inc.
GS,GOLDMAN SACHS GROUP INC
NFLX,NETFLIX INC
NVS,NOVARTIS AG
PLTR,Palantir Technologies Inc.
RY,ROYAL BANK OF CANADA
RTX,RTX Corp
BABA,Alibaba Group Holding Ltd
AZN,ASTRAZENECA PLC
WFC,WELLS FARGO & COMPANY/MN
PANW,Palo Alto Networks Inc
ARM,ARM HOLDINGS PLC /UK
TXN,TEXAS INSTRUMENTS INC
MUFG,MITSUBISHI UFJ FINANCIAL GROUP INC
KLAC,KLA CORP
DELL,Dell Technologies Inc.
GEV,GE Vernova Inc.
SHEL,Shell plc
LIN,LINDE PLC
AXP,AMERICAN EXPRESS CO
NVO,NOVO NORDISK A S
C,CITIGROUP INC
TM,TOYOTA MOTOR CORP/
IBM,INTERNATIONAL BUSINESS MACHINES CORP
ANET,"Arista Networks, Inc."
SAP,SAP SE
BHP,BHP Group Ltd
TMO,THERMO FISHER SCIENTIFIC INC.
AMGN,AMGEN INC
VZ,VERIZON COMMUNICATIONS INC
RTNTF,RIO TINTO LTD
SAN,"Banco Santander, S.A."
TD,TORONTO DOMINION BANK
TMUS,"T-Mobile US, Inc."
PEP,PEPSICO INC
MCD,MCDONALDS CORP
CRWD,"CrowdStrike Holdings, Inc."
ABT,ABBOTT LABORATORIES
NEE,NEXTERA ENERGY INC
TTE,TotalEnergies SE
SCHW,SCHWAB CHARLES CORP
ADI,ANALOG DEVICES INC
BLK,"BlackRock, Inc."
TJX,TJX COMPANIES INC /DE/
UNP,UNION PACIFIC CORP
APH,AMPHENOL CORP /DE/
BA,BOEING CO
WELL,WELLTOWER INC.
DIS,Walt Disney Co
DE,DEERE & CO
QCOM,QUALCOMM INC/DE
UBS,UBS Group AG
T,AT&T INC.
SHOP,SHOPIFY INC.
STX,Seagate Technology Holdings plc
GILD,"GILEAD SCIENCES, INC."
BX,Blackstone Inc.
SMFG,"SUMITOMO MITSUI FINANCIAL GROUP, INC."
BUD,Anheuser-Busch InBev SA/NV
SNDK,Sandisk Corp
WDC,WESTERN DIGITAL CORP
MRVL,"Marvell Technology, Inc."
IBKR,"Interactive Brokers Group, Inc."
DTEGY,DEUTSCHE TELEKOM AG
BKNG,Booking Holdings Inc.
ETN,Eaton Corp plc
CRM,"Salesforce, Inc."
RIO,RIO TINTO PLC
BBVA,"BANCO BILBAO VIZCAYA ARGENTARIA, S.A."
UL,UNILEVER PLC
PFE,PFIZER INC
UBER,"Uber Technologies, Inc"
KXIAY,Kioxia Holdings Corporation/ADR
PLD,"Prologis, Inc."
CB,Chubb Ltd
APP,AppLovin Corp
SCCO,SOUTHERN COPPER CORP/
DHR,DANAHER CORP /DE/
CVS,CVS HEALTH Corp
COP,CONOCOPHILLIPS
BTI,British American Tobacco p.l.c.
SMERY,Siemens Energy AG/ADR
LMT,LOCKHEED MARTIN CORP
HTHIY,HITACHI LTD
SONY,Sony Group Corp
SYK,STRYKER CORP
ISRG,INTUITIVE SURGICAL INC
BMY,BRISTOL MYERS SQUIBB CO
PGR,PROGRESSIVE CORP/OH/
COF,CAPITAL ONE FINANCIAL CORP
BMO,BANK OF MONTREAL /CAN/
SPGI,S&P Global Inc.
MO,"ALTRIA GROUP, INC."
PH,Parker-Hannifin Corp
VRTX,VERTEX PHARMACEUTICALS INC / MA
MFG,MIZUHO FINANCIAL GROUP INC
PDD,PDD Holdings Inc.
LOW,LOWES COMPANIES INC
HDB,HDFC BANK LTD
ENB,ENBRIDGE INC
SBUX,STARBUCKS CORP
PBR,PETROBRAS - PETROLEO BRASILEIRO SA
NOW,"ServiceNow, Inc."
HWM,Howmet Aerospace Inc.
FTNT,"Fortinet, Inc."
ATEYY,ADVANTEST CORP
MDT,Medtronic plc
SO,SOUTHERN CO
CM,CANADIAN IMPERIAL BANK OF COMMERCE /CAN/
IBN,ICICI BANK LTD
SNY,Sanofi
BNS,BANK OF NOVA SCOTIA
GSK,GSK plc
BP,BP PLC
ADP,AUTOMATIC DATA PROCESSING INC
BNY,Bank of New York Mellon Corp
GD,GENERAL DYNAMICS CORP
GLW,CORNING INC /NY
SPOT,Spotify Technology S.A.
MCK,MCKESSON CORP
TT,Trane Technologies plc
EQIX,EQUINIX INC
VRT,Vertiv Holdings Co
DUK,Duke Energy CORP
MAR,MARRIOTT INTERNATIONAL INC /MD/
ACN,Accenture plc
PNC,"PNC FINANCIAL SERVICES GROUP, INC."
ADBE,ADOBE INC.
USB,US BANCORP DE
WM,WASTE MANAGEMENT INC
NEM,NEWMONT Corp /DE/
TKOMY,"TOKIO MARINE HOLDINGS, INC."
KKR,KKR & Co. Inc.
CDNS,CADENCE DESIGN SYSTEMS INC
MNST,Monster Beverage Corp
ING,ING GROEP NV
CSX,CSX CORP
BN,BROOKFIELD Corp /ON/
NET,"Cloudflare, Inc."
MELI,MERCADOLIBRE INC
SNOW,Snowflake Inc.
MGCLY,"Midea Group Co., Ltd./ADR"
MMM,3M CO
CME,CME GROUP INC.
CEG,Constellation Energy Corp
CNQ,CANADIAN NATURAL RESOURCES Ltd
ITUB,Itau Unibanco Holding S.A.
HCA,"HCA Healthcare, Inc."
MRSH,"MARSH & MCLENNAN COMPANIES, INC."
EQNR,EQUINOR ASA
BCS,BARCLAYS PLC
MPC,Marathon Petroleum Corp
SPG,SIMON PROPERTY GROUP INC.
ABNB,"Airbnb, Inc."
UPS,UNITED PARCEL SERVICE INC
DDOG,"Datadog, Inc."
VLO,VALERO ENERGY CORP/TX
FCX,FREEPORT-MCMORAN INC
CMI,CUMMINS INC
PWR,"QUANTA SERVICES, INC."
SNHIY,"Sany Heavy Industries Co., Ltd./ADR"
SHW,SHERWIN WILLIAMS CO
LYG,Lloyds Banking Group plc
RCL,ROYAL CARIBBEAN CRUISES LTD
INTU,INTUIT INC.
ICE,"Intercontinental Exchange, Inc."
CTAS,CINTAS CORP
WMB,"WILLIAMS COMPANIES, INC."
IFNNY,INFINEON TECHNOLOGIES AG
CMCSA,COMCAST CORP
JCI,Johnson Controls International plc
ITW,ILLINOIS TOOL WORKS INC
EMR,EMERSON ELECTRIC CO
DASH,"DoorDash, Inc."
MCO,MOODYS CORP /DE/
ELV,"Elevance Health, Inc."
EPD,ENTERPRISE PRODUCTS PARTNERS L.P.
PSX,Phillips 66
HOOD,"Robinhood Markets, Inc."
TRV,"TRAVELERS COMPANIES, INC."
NTES,"NetEase, Inc."
NGG,NATIONAL GRID PLC
CP,CANADIAN PACIFIC KANSAS CITY LTD/CN
AON,Aon plc
GM,General Motors Co
ROST,"ROSS STORES, INC."
AMT,AMERICAN TOWER CORP /MA/
MDLZ,"Mondelez International, Inc."
CI,Cigna Group
ECL,ECOLAB INC.
BAESY,BAE SYSTEMS PLC /FI/
HON,HONEYWELL INTERNATIONAL INC
NOC,NORTHROP GRUMMAN CORP /DE/
CNI,CANADIAN NATIONAL RAILWAY CO
AMX,AMERICA MOVIL SAB DE CV/
NSC,NORFOLK SOUTHERN CORP
BAM,Brookfield Asset Management Ltd.
ORLY,O REILLY AUTOMOTIVE INC
SU,SUNCOR ENERGY INC
CL,COLGATE PALMOLIVE CO
EOG,EOG RESOURCES INC
SLB,SLB LIMITED/NV
MFC,MANULIFE FINANCIAL CORP
ASX,"ASE Technology Holding Co., Ltd."
FDX,FEDEX CORP
HLT,Hilton Worldwide Holdings Inc.
SNPS,SYNOPSYS INC
MSI,"Motorola Solutions, Inc."
DLR,"DIGITAL REALTY TRUST, INC."
E,ENI SPA
TDG,TransDigm Group INC
AEP,AMERICAN ELECTRIC POWER CO INC
REGN,"REGENERON PHARMACEUTICALS, INC."
MDLN,Medline Inc.
PCAR,PACCAR INC
APO,"Apollo Global Management, Inc."
AEM,AGNICO EAGLE MINES LTD
CVNA,CARVANA CO.
NU,Nu Holdings Ltd.
KMI,"KINDER MORGAN, INC."
TRP,TC ENERGY CORP
NWG,NatWest Group plc
ALL,ALLSTATE CORP
ET,Energy Transfer LP
BSX,BOSTON SCIENTIFIC CORP
CRH,CRH PUBLIC LTD CO
RACE,Ferrari N.V.
URI,"UNITED RENTALS, INC."
HONA,Honeywell Aerospace Inc.
DB,DEUTSCHE BANK AKTIENGESELLSCHAFT
AJG,Arthur J. Gallagher & Co.
RSG,"REPUBLIC SERVICES, INC."
RELX,RELX PLC
NXPI,NXP Semiconductors N.V.
APD,"Air Products & Chemicals, Inc."
AFL,AFLAC INC
GWW,"W.W. GRAINGER, INC."
TGT,TARGET CORP
SE,Sea Ltd
TFC,TRUIST FINANCIAL CORP
WBD,"Warner Bros. Discovery, Inc."
NKE,"NIKE, Inc."
MPWR,"MONOLITHIC POWER SYSTEMS, INC."
MET,METLIFE INC
VALE,Vale S.A.
D,"DOMINION ENERGY, INC"
IMO,IMPERIAL OIL LTD
PSA,Public Storage
COR,"Cencora, Inc."
B,BARRICK MINING CORP
TEL,TE Connectivity plc
O,REALTY INCOME CORP
MPLX,MPLX LP
CTVA,"Corteva, Inc."
NUE,NUCOR CORP
SRE,SEMPRA
LSEGY,London Stock Exchange Group plc
F,FORD MOTOR CO
GWLIF,GREAT-WEST LIFECO INC.
HPE,Hewlett Packard Enterprise Co
DAL,"DELTA AIR LINES, INC."
BKR,Baker Hughes Co
FIX,COMFORT SYSTEMS USA INC
LHX,"L3HARRIS TECHNOLOGIES, INC. /DE/"
TRGP,Targa Resources Corp.
EONGY,E.ON SE
TAK,TAKEDA PHARMACEUTICAL CO LTD
OKE,ONEOK INC /NEW/
AME,AMETEK INC/
FAST,FASTENAL CO
ARGX,ARGENX SE
CAH,CARDINAL HEALTH INC
OXY,OCCIDENTAL PETROLEUM CORP /DE/
FANG,"Diamondback Energy, Inc."
NDAQ,"NASDAQ, INC."
ETR,ENTERGY CORP /DE/
LNG,"Cheniere Energy, Inc."
EA,ELECTRONIC ARTS INC.
CARR,CARRIER GLOBAL Corp
ROK,"ROCKWELL AUTOMATION, INC"
FITB,FIFTH THIRD BANCORP
EBAY,EBAY INC
KEYS,"Keysight Technologies, Inc."
JHPCY,"Jiangsu Hengrui Pharmaceuticals Co., Ltd"
CVE,CENOVUS ENERGY INC.
PYPL,"PayPal Holdings, Inc."
WAB,WESTINGHOUSE AIR BRAKE TECHNOLOGIES CORP
AZO,AUTOZONE INC
XEL,XCEL ENERGY INC
MT,ArcelorMittal
HEI,HEICO CORP
GALDY,Galderma Group AG/ADR
ADSK,"Autodesk, Inc."
LITE,Lumentum Holdings Inc.
STT,STATE STREET CORP
WPM,Wheaton Precious Metals Corp.
VST,Vistra Corp.
INFY,Infosys Ltd
NOK,NOKIA CORP
DVN,DEVON ENERGY CORP/DE
DEO,DIAGEO PLC
CCEP,COCA-COLA EUROPACIFIC PARTNERS plc
XYZ,"Block, Inc."
TER,"TERADYNE, INC"
GRMN,GARMIN LTD
EXC,EXELON CORP
AMP,AMERIPRISE FINANCIAL INC
CIEN,CIENA CORP
VTR,"Ventas, Inc."
ABEV,AMBEV S.A.
EW,Edwards Lifesciences Corp
ODFL,"OLD DOMINION FREIGHT LINE, INC."
COHR,COHERENT CORP.
SLF,SUN LIFE FINANCIAL INC
HUM,HUMANA INC
VIK,Viking Holdings Ltd
TTWO,TAKE TWO INTERACTIVE SOFTWARE INC
BE,Bloom Energy Corp
TRI,THOMSON REUTERS CORP /CAN/
JBS,JBS N.V.
BDX,BECTON DICKINSON & CO
AGGI,"BILI Social International, Inc."
HLN,Haleon plc
IDXX,IDEXX LABORATORIES INC /DE
FERG,Ferguson Enterprises Inc. /DE/
ALAB,"Astera Labs, Inc."
STM,STMicroelectronics N.V.
FER,Ferrovial N.V.
AXON,"AXON ENTERPRISE, INC."
FMX,MEXICAN ECONOMIC DEVELOPMENT INC
COIN,"Coinbase Global, Inc."
UMC,UNITED MICROELECTRONICS CORP
CBRE,"CBRE GROUP, INC."
CMG,CHIPOTLE MEXICAN GRILL INC
PRU,PRUDENTIAL FINANCIAL INC
IX,ORIX CORP
JD,"JD.com, Inc."
AIG,"AMERICAN INTERNATIONAL GROUP, INC."
WCN,"Waste Connections, Inc."
PAYX,PAYCHEX INC
WDS,WOODSIDE ENERGY GROUP LTD
KDP,Keurig Dr Pepper Inc.
NBIS,Nebius Group N.V.
LYV,"Live Nation Entertainment, Inc."
MSCI,MSCI Inc.
ARES,Ares Management Corp
CBRS,Cerebras Systems Inc.
DHI,HORTON D R INC /DE/
ED,CONSOLIDATED EDISON INC
YUM,YUM BRANDS INC
MCHP,MICROCHIP TECHNOLOGY INC
SYY,SYSCO CORP
BMWKY,Bayerische Motoren Werke AG/ADR
FNV,FRANCO NEVADA Corp
SCMWY,SWISSCOM AG
FLEX,FLEX LTD.
KB,KB Financial Group Inc.
UNVGY,Universal Music Group N.V./ADR
CSLLY,CSL LTD
SMTOY,SUMITOMO ELECTRIC INDUSTRIES LTD/ADR/
AU,AngloGold Ashanti PLC
UAL,"United Airlines Holdings, Inc."
ADM,Archer-Daniels-Midland Co
A,"AGILENT TECHNOLOGIES, INC."
IQV,IQVIA HOLDINGS INC.
WDAY,"Workday, Inc."
PCG,PG&E Corp
PEG,PUBLIC SERVICE ENTERPRISE GROUP INC
RKLB,Rocket Lab Corp
CLS,CELESTICA INC
HIG,"HARTFORD INSURANCE GROUP, INC."
HMC,HONDA MOTOR CO LTD
RKT,"Rocket Companies, Inc."
ROP,ROPER TECHNOLOGIES INC
RVMD,"Revolution Medicines, Inc."
CCL,Carnival Corp Ltd.
BBD,BANK BRADESCO
ALNY,"ALNYLAM PHARMACEUTICALS, INC."
ESLT,ELBIT SYSTEMS LTD
KVUE,Kenvue Inc.
KMB,KIMBERLY CLARK CORP
VOD,VODAFONE GROUP PUBLIC LTD CO
WAT,WATERS CORP /DE/
CCJ,CAMECO CORP
IRM,IRON MOUNTAIN INC
WEC,"WEC ENERGY GROUP, INC."
VMC,Vulcan Materials CO
ACGL,ARCH CAPITAL GROUP LTD.
STLD,STEEL DYNAMICS INC
HSY,HERSHEY CO
KR,KROGER CO
TEVA,TEVA PHARMACEUTICAL INDUSTRIES LTD
MTB,M&T BANK CORP
CRWV,"CoreWeave, Inc."
NTRA,"Natera, Inc."
FRFHF,FAIRFAX FINANCIAL HOLDINGS LTD/ CAN
PUK,PRUDENTIAL PLC
CRDO,Credo Technology Group Holding Ltd
TKO,"TKO Group Holdings, Inc."
RBLX,Roblox Corp
BIDU,"Baidu, Inc."
EXPE,"Expedia Group, Inc."
MSTR,Strategy Inc
MLM,MARTIN MARIETTA MATERIALS INC
HBAN,HUNTINGTON BANCSHARES INC /MD/
RPRX,Royalty Pharma plc
RDDT,"Reddit, Inc."
QSR,Restaurant Brands International Inc.
ONC,BeOne Medicines Ltd.
RJF,RAYMOND JAMES FINANCIAL INC
NTAP,"NetApp, Inc."
IR,Ingersoll Rand Inc.
ALC,ALCON INC
CHT,CHUNGHWA TELECOM CO LTD
CCI,CROWN CASTLE INC.
EXR,Extra Space Storage Inc.
NTR,Nutrien Ltd.
VEEV,VEEVA SYSTEMS INC
ON,ON SEMICONDUCTOR CORP
SHG,SHINHAN FINANCIAL GROUP CO LTD
ZTS,Zoetis Inc.
ERIC,ERICSSON LM TELEPHONE CO
DLMAY,Dollarama Inc./ADR
EC,ECOPETROL S.A.
UI,Ubiquiti Inc.
EQT,EQT Corp
KHC,Kraft Heinz Co
LVS,LAS VEGAS SANDS CORP
CASY,CASEYS GENERAL STORES INC
CNC,CENTENE CORP
JBL,JABIL INC
FICO,FAIR ISAAC CORP
EME,"EMCOR Group, Inc."
AEE,AMEREN CORP
CBOE,"Cboe Global Markets, Inc."
BAP,CREDICORP LTD
SUNB,"Sunbelt Rentals Holdings, Inc."
EIX,EDISON INTERNATIONAL
RYAAY,RYANAIR HOLDINGS PLC
RSHGY,RESONA HOLDINGS INC
CQP,"Cheniere Energy Partners, L.P."
EL,ESTEE LAUDER COMPANIES INC
DTE,DTE ENERGY CO
CFG,CITIZENS FINANCIAL GROUP INC/RI
RMD,RESMED INC
ATO,ATMOS ENERGY CORP
VG,"Venture Global, Inc."
TPR,"TAPESTRY, INC."
BIIB,BIOGEN INC.
VICI,VICI PROPERTIES INC.
FTS,Fortis Inc.
TDY,TELEDYNE TECHNOLOGIES INC
WTW,WILLIS TOWERS WATSON PLC
XYL,Xylem Inc.
TWLO,TWILIO INC
GFI,GOLD FIELDS LTD
PBA,PEMBINA PIPELINE CORP
CNP,CENTERPOINT ENERGY INC
DXCM,DEXCOM INC
FISV,FISERV INC
ILMN,"ILLUMINA, INC."
FTI,TechnipFMC plc
FE,FIRSTENERGY CORP
GEHC,GE HealthCare Technologies Inc.
TECK,TECK RESOURCES LTD
TCOM,Trip.com Group Ltd
FSNUY,Fresenius SE & Co. KGaA
CPRT,COPART INC
ES,EVERSOURCE ENERGY
WRB,BERKLEY W R CORP
CINF,CINCINNATI FINANCIAL CORP
OTIS,Otis Worldwide Corp
TS,TENARIS SA
VRSK,"Verisk Analytics, Inc."
NMR,NOMURA HOLDINGS INC
KGC,KINROSS GOLD CORP
MTD,METTLER TOLEDO INTERNATIONAL INC/
AMRZ,Amrize Ltd
DG,DOLLAR GENERAL CORP
CPNG,"Coupang, Inc."
WSM,WILLIAMS SONOMA INC
CRS,CARPENTER TECHNOLOGY CORP
AVB,AVALONBAY COMMUNITIES INC
PPL,PPL Corp
DOV,DOVER Corp
TPL,Texas Pacific Land Corp
AWK,"American Water Works Company, Inc."
PPG,PPG INDUSTRIES INC
LPLA,LPL Financial Holdings Inc.
GFS,GLOBALFOUNDRIES Inc.
NRG,"NRG ENERGY, INC."
ZM,"Zoom Communications, Inc."
SW,Smurfit Westrock plc
CW,CURTISS WRIGHT CORP
Q,"Qnity Electronics, Inc."
KBGGY,Kongsberg Gruppen ASA/ADR
RF,REGIONS FINANCIAL CORP
CHLSY,Chocoladefabriken Lindt & Spruengli AG/A
GELHY,Geely Automobile Holdings Limited/ADR
EQR,EQUITY RESIDENTIAL
INCY,INCYTE CORP
HAL,HALLIBURTON CO
UTHR,UNITED THERAPEUTICS Corp
JBHT,HUNT J B TRANSPORT SERVICES INC
TROW,PRICE T ROWE GROUP INC
DGX,QUEST DIAGNOSTICS INC
HPQ,HP INC
MTNOY,MTN GROUP LTD/ADR
TEAM,Atlassian Corp
LH,LABCORP HOLDINGS INC.
MKL,MARKEL GROUP INC.
VRSN,VERISIGN INC/CA
PHM,PULTEGROUP INC/MI/
HUBB,HUBBELL INC
CPAY,"CORPAY, INC."
ATI,ATI INC
SYM,Symbotic Inc.
MDB,"MongoDB, Inc."
FCNCA,FIRST CITIZENS BANCSHARES INC /DE/
SYF,Synchrony Financial
PHG,KONINKLIJKE PHILIPS NV
BRO,"BROWN & BROWN, INC."
ZS,"Zscaler, Inc."
ECHO,EchoStar CORP
OMC,OMNICOM GROUP INC.
MTZ,MASTEC INC
L,LOEWS CORP
PFG,PRINCIPAL FINANCIAL GROUP INC
DLTR,"DOLLAR TREE, INC."
FOXA,Fox Corp
WWD,"Woodward, Inc."
ROIV,Roivant Sciences Ltd.
XPO,"XPO, Inc."
AER,AerCap Holdings N.V.
KEY,KEYCORP /NEW/
AFRM,"Affirm Holdings, Inc."
VLTO,Veralto Corp
P,"Everpure, Inc."
IHG,INTERCONTINENTAL HOTELS GROUP PLC /NEW/
CTSH,COGNIZANT TECHNOLOGY SOLUTIONS CORP
DRI,DARDEN RESTAURANTS INC
CHD,CHURCH & DWIGHT CO INC /DE/
WST,WEST PHARMACEUTICAL SERVICES INC
OKTA,"Okta, Inc."
RIVN,"Rivian Automotive, Inc. / DE"
GPN,GLOBAL PAYMENTS INC
FFIV,"F5, INC."
AXIA,AXIA Energia S.A.
BURL,"Burlington Stores, Inc."
FIS,"Fidelity National Information Services, "
FWONA,Liberty Media Corp
BNTX,BioNTech SE
IP,INTERNATIONAL PAPER CO /NEW/
CMS,CMS ENERGY CORP
HKHHY,HEINEKEN HOLDING N V
TSEM,TOWER SEMICONDUCTOR LTD
TW,Tradeweb Markets Inc.
STZ,"CONSTELLATION BRANDS, INC."
NVT,nVent Electric plc
BG,Bunge Global SA
INSM,INSMED Inc
KOF,COCA COLA FEMSA SAB DE CV
FDXF,"FedEx Freight Holding Company, Inc."
RL,RALPH LAUREN CORP
LUV,SOUTHWEST AIRLINES CO
PKG,PACKAGING CORP OF AMERICA
USFD,US Foods Holding Corp.
EXPD,EXPEDITORS INTERNATIONAL OF WASHINGTON I
SN,"SharkNinja, Inc."
STE,STERIS plc
NTRS,NORTHERN TRUST CORP
THC,TENET HEALTHCARE CORP
NI,NISOURCE INC.
EFX,EQUIFAX INC
MRNA,"Moderna, Inc."
IOT,Samsara Inc.
RBA,RB GLOBAL INC.
ASTS,"AST SpaceMobile, Inc."
SCRNY,"SCREEN Holdings Co., Ltd./ADR"
TSN,"TYSON FOODS, INC."
SNA,Snap-on Inc
AMCR,Amcor plc
ULTA,"Ulta Beauty, Inc."
FSLR,"FIRST SOLAR, INC."
FTAI,FTAI Aviation Ltd.
ROKU,"ROKU, INC"
SOFI,"SoFi Technologies, Inc."
EXE,EXPAND ENERGY Corp
CIB,Grupo Cibest S.A.
EDPFY,EDP ENERGIAS DE PORTUGAL SA
VIV,TELEFONICA BRASIL S.A.
RS,"RELIANCE, INC."
LEN,LENNAR CORP /NEW/
DOW,DOW INC.
AS,"Amer Sports, Inc."
BSP,Bending Spoons S.p.A.
VTRS,Viatris Inc
BSBR,Banco Santander (Brasil) S.A.
BCH,BANK OF CHILE
ESS,"ESSEX PROPERTY TRUST, INC."
BCE,BCE INC
IFF,INTERNATIONAL FLAVORS & FRAGRANCES INC
GIS,GENERAL MILLS INC
HSAI,Hesai Group
CHRW,"C. H. ROBINSON WORLDWIDE, INC."
EVRG,"Evergy, Inc."
WES,"Western Midstream Partners, LP"
SNX,TD SYNNEX CORP
SBS,COMPANHIA DE SANEAMENTO BASICO DO ESTADO
YPF,YPF SOCIEDAD ANONIMA
FTV,Fortive Corp
LNT,ALLIANT ENERGY CORP
WIT,WIPRO LTD
GH,"Guardant Health, Inc."
MKSI,MKS INC
SQM,CHEMICAL & MINING CO OF CHILE INC
MTSI,"MACOM Technology Solutions Holdings, Inc"
DD,"DuPont de Nemours, Inc."
LYB,LyondellBasell Industries N.V.
LII,LENNOX INTERNATIONAL INC
TELNY,TELENOR ASA
MGA,MAGNA INTERNATIONAL INC
CF,"CF Industries Holdings, Inc."
FLUT,Flutter Entertainment plc
SBAC,SBA COMMUNICATIONS CORP
ROL,ROLLINS INC
BBY,BEST BUY CO INC
TOST,"Toast, Inc."
DKS,"DICK'S SPORTING GOODS, INC."
CHTR,"CHARTER COMMUNICATIONS, INC. /MO/"
SSNC,SS&C Technologies Holdings Inc
RCI,ROGERS COMMUNICATIONS INC
ZBH,"ZIMMER BIOMET HOLDINGS, INC."
ULS,UL Solutions Inc.
CDW,CDW Corp
BR,"BROADRIDGE FINANCIAL SOLUTIONS, INC."
WTKWY,WOLTERS KLUWER N V /FI
NBIX,NEUROCRINE BIOSCIENCES INC
RBC,RBC Bearings INC
SMCI,"Super Micro Computer, Inc."
ZTO,ZTO Express (Cayman) Inc.
PAAS,PAN AMERICAN SILVER CORP
PFGC,Performance Food Group Co
ENTG,ENTEGRIS INC
EWBC,EAST WEST BANCORP INC
INVH,Invitation Homes Inc.
GMAB,GENMAB A/S
INIO,INNIO N.V.
KIM,KIMCO REALTY CORP
GPC,GENUINE PARTS CO
BALL,BALL Corp
H,Hyatt Hotels Corp
ITT,ITT INC.
WY,WEYERHAEUSER CO
ARXS,"Arxis, Inc."
BEKE,KE Holdings Inc.
HST,"HOST HOTELS & RESORTS, INC."
TRMOY,Tourmaline Oil Corp/ADR
NVR,NVR INC
NLY,ANNALY CAPITAL MANAGEMENT INC
CX,CEMEX SAB DE CV
BEN,FRANKLIN RESOURCES INC
PAA,PLAINS ALL AMERICAN PIPELINE LP
PR,Permian Resources Corp
CRCL,"Circle Internet Group, Inc."
APG,APi Group Corp
WPC,W. P. Carey Inc.
TPG,TPG Inc.
NDSN,NORDSON CORP
EMA,EMERA INC
TU,TELUS CORP
RGLD,ROYAL GOLD INC
STLA,Stellantis N.V.
TSCO,TRACTOR SUPPLY CO /DE/
CG,Carlyle Group Inc.
IEX,IDEX CORP /DE/
GEN,Gen Digital Inc.
MAS,MASCO CORP /DE/
J,JACOBS SOLUTIONS INC.
LAMR,LAMAR ADVERTISING CO/NEW
BBIO,"BridgeBio Pharma, Inc."
ASND,Ascendis Pharma A/S
KSPI,Joint Stock Co Kaspi.kz
STRL,"STERLING INFRASTRUCTURE, INC."
AKAM,AKAMAI TECHNOLOGIES INC
DINO,HF Sinclair Corp
LSCC,LATTICE SEMICONDUCTOR CORP
TRU,TransUnion
ARNNY,ASR Nederland N.V./ADR
OVV,Ovintiv Inc.
JAZZ,Jazz Pharmaceuticals plc
OHI,OMEGA HEALTHCARE INVESTORS INC
NTNX,"Nutanix, Inc."
MEDP,"Medpace Holdings, Inc."
TIGO,MILLICOM INTERNATIONAL CELLULAR SA
WCC,WESCO INTERNATIONAL INC
BSAC,BANCO SANTANDER CHILE
CLH,CLEAN HARBORS INC
FN,Fabrinet
LOGI,LOGITECH INTERNATIONAL S.A.
JLL,JONES LANG LASALLE INC
MAIR,Madison Air Solutions Corp
SUI,SUN COMMUNITIES INC
RGA,REINSURANCE GROUP OF AMERICA INC
WF,WOORI FINANCIAL GROUP INC.
TXT,TEXTRON INC
PNFP,"Pinnacle Financial Partners, Inc."
EG,"EVEREST GROUP, LTD."
DOC,"HEALTHPEAK PROPERTIES, INC."
JHX,James Hardie Industries plc
YUMC,"Yum China Holdings, Inc."
DSEEY,Daiwa Securities Group Inc.
BEP,Brookfield Renewable Partners L.P.
TME,Tencent Music Entertainment Group
PKX,POSCO HOLDINGS INC.
LTM,LATAM AIRLINES GROUP S.A.
DVA,DAVITA INC.
BWXT,"BWX Technologies, Inc."
TLN,Talen Energy Corp
CDE,"Coeur Mining, Inc."
DIDIY,DiDi Global Inc.
VNOM,"Viper Energy, Inc."
REG,REGENCY CENTERS CORP
NWSA,NEWS CORP
OWL,BLUE OWL CAPITAL INC.
SGI,SOMNIGROUP INTERNATIONAL INC.
ARMK,Aramark
GIB,CGI INC
KEP,KOREA ELECTRIC POWER CORP
WMG,Warner Music Group Corp.
WSO,WATSCO INC
RBRK,"Rubrik, Inc."
CNA,CNA FINANCIAL CORP
SOLV,Solventum Corp
LDOS,"Leidos Holdings, Inc."
PTC,PTC INC.
QXO,"QXO, Inc."
SWK,"STANLEY BLACK & DECKER, INC."
BAWAY,BAWAG Group AG/ADR
LNTCY,"Lens Technology Co., Ltd./ADR"
MLI,MUELLER INDUSTRIES INC
UDR,"UDR, Inc."
SITM,SITIME Corp
LECO,LINCOLN ELECTRIC HOLDINGS INC
NXT,Nextpower Inc.
RTO,RENTOKIL INITIAL PLC /FI
FNF,"Fidelity National Financial, Inc."
PUGBY,Puig Brands S.A./ADR
PHYS,Sprott Physical Gold Trust
CRBG,"Corebridge Financial, Inc."
TOL,"Toll Brothers, Inc."
UHAL,U-Haul Holding Co /NV/
PAG,"PENSKE AUTOMOTIVE GROUP, INC."
LYTHF,Lytus Technologies Holdings PTV. Ltd.
SUN,Sunoco LP
RPM,RPM INTERNATIONAL INC/DE/
TLK,PERUSAHAAN PERSEROAN PERSERO PT TELEKOMU
FUTU,Futu Holdings Ltd
BTSG,"BrightSpring Health Services, Inc."
HRL,HORMEL FOODS CORP /DE/
GFL,GFL Environmental Inc.
DECK,DECKERS OUTDOOR CORP
DTM,"DT Midstream, Inc."
CHKP,CHECK POINT SOFTWARE TECHNOLOGIES LTD
EXEL,"EXELIXIS, INC."
CNH,CNH Industrial N.V.
CSL,CARLISLE COMPANIES INC
UNM,Unum Group
AIZ,"ASSURANT, INC."
COO,"COOPER COMPANIES, INC."
RNR,RENAISSANCERE HOLDINGS LTD
AMH,American Homes 4 Rent
MKC,MCCORMICK & CO INC
LI,Li Auto Inc.
ICLR,ICON PLC
GRAB,Grab Holdings Ltd
GL,GLOBE LIFE INC.
U,Unity Software Inc.
TYL,TYLER TECHNOLOGIES INC
ALLE,Allegion plc
ARCC,ARES CAPITAL CORP
PINS,"PINTEREST, INC."
SNN,SMITH & NEPHEW PLC
LULU,lululemon athletica inc.
HAS,"HASBRO, INC."
GDDY,GoDaddy Inc.
AEG,AEGON LTD.
TRMB,TRIMBLE INC.
TXRH,"Texas Roadhouse, Inc."
ALLY,Ally Financial Inc.
ALB,ALBEMARLE CORP
RRX,REGAL REXNORD CORP
PS,PERSHING SQUARE INC.
EQH,"Equitable Holdings, Inc."
GLPI,"Gaming & Leisure Properties, Inc."
ELS,EQUITY LIFESTYLE PROPERTIES INC
FMS,Fresenius Medical Care AG
GGG,GRACO INC
SJM,J M SMUCKER Co
HTHT,H World Group Ltd
GWRE,"Guidewire Software, Inc."
QNT,Quantinuum Inc.
ZBRA,ZEBRA TECHNOLOGIES CORP
CCK,"CROWN HOLDINGS, INC."
EVR,Evercore Inc.
DOCN,"DigitalOcean Holdings, Inc."
PAC,Pacific Airport Group
IVZ,Invesco Ltd.
COKE,"Coca-Cola Consolidated, Inc."
AVY,Avery Dennison Corp
CR,Crane Co
BWA,BORGWARNER INC
DT,"Dynatrace, Inc."
DRS,"Leonardo DRS, Inc."
FIG,"Figma, Inc."
PNW,PINNACLE WEST CAPITAL CORP
NVMI,NOVA LTD.
ELAN,Elanco Animal Health Inc
AGNC,AGNC Investment Corp.
AIT,APPLIED INDUSTRIAL TECHNOLOGIES INC
VARRY,Var Energi ASA/ADR
ONON,On Holding AG
SF,STIFEL FINANCIAL CORP
ERIE,ERIE INDEMNITY CO
CSGP,"COSTAR GROUP, INC."
PEN,Penumbra Inc
VIRT,"Virtu Financial, Inc."
IONQ,"IonQ, Inc."
BAX,BAXTER INTERNATIONAL INC
BXP,"BXP, Inc."
WBS,WEBSTER FINANCIAL CORP
BJ,"BJ's Wholesale Club Holdings, Inc."
APTV,Aptiv PLC
ALGN,ALIGN TECHNOLOGY INC
MDGL,"MADRIGAL PHARMACEUTICALS, INC."
RVTY,"REVVITY, INC."
SEIC,SEI INVESTMENTS CO
DLAKY,DEUTSCHE LUFTHANSA A G /FI
BLMOY,BELIMO Holding AG/ADR
TFII,TFI International Inc.
W,Wayfair Inc.
FHN,FIRST HORIZON CORP
EMBJ,EMBRAER S.A.
HUBS,HUBSPOT INC
APA,APA Corp
XPEV,XPENG INC.
NYT,NEW YORK TIMES CO
DKNG,DraftKings Inc.
RYAN,"RYAN SPECIALTY HOLDINGS, INC."
CLX,CLOROX CO /DE/
ENLT,Enlight Renewable Energy Ltd.
AGI,ALAMOS GOLD INC
AFG,AMERICAN FINANCIAL GROUP INC
BZLFY,BUNZL PLC
OBICY,"OBIC Co., Ltd./ADR"
IREN,IREN Ltd
AXSM,"Axsome Therapeutics, Inc."
AHR,"American Healthcare REIT, Inc."
DY,DYCOM INDUSTRIES INC
BMRN,BIOMARIN PHARMACEUTICAL INC
TMTNY,Toromont Industries Ltd./ADR
MGM,MGM Resorts International
ONTO,ONTO INNOVATION INC.
AKZOY,AKZO NOBEL NV
SKM,SK TELECOM CO LTD
BNT,Brookfield Wealth Solutions Ltd.
ARWR,"ARROWHEAD PHARMACEUTICALS, INC."
PSLV,Sprott Physical Silver Trust
NIO,NIO Inc.
WSE,Wise Group plc
CONE,"Compass Sub North, Inc."
DPZ,DOMINOS PIZZA INC
AA,Alcoa Corp
SCI,SERVICE CORP INTERNATIONAL
PODD,INSULET CORP
YARIY,YARA INTERNATIONAL ASA
JEF,Jefferies Financial Group Inc.
OC,Owens Corning
HII,"HUNTINGTON INGALLS INDUSTRIES, INC."
WTRG,"Essential Utilities, Inc."
EHC,Encompass Health Corp
WTS,WATTS WATER TECHNOLOGIES INC
AUR,"Aurora Innovation, Inc."
CPT,CAMDEN PROPERTY TRUST
CRL,CHARLES RIVER LABORATORIES INTERNATIONAL
FIVE,"FIVE BELOW, INC"
KNX,Knight-Swift Transportation Holdings Inc
BROS,Dutch Bros Inc.
GNRC,GENERAC HOLDINGS INC.
MICC,Magnum Ice Cream Co N.V.
EGP,EASTGROUP PROPERTIES INC
HUT,Hut 8 Corp.
CACI,CACI INTERNATIONAL INC /DE/
JKHY,JACK HENRY & ASSOCIATES INC
TECH,BIO-TECHNE Corp
AMKR,"AMKOR TECHNOLOGY, INC."
MOD,MODINE MANUFACTURING CO
TTMI,TTM TECHNOLOGIES INC
MUSA,Murphy USA Inc.
WMS,"ADVANCED DRAINAGE SYSTEMS, INC."
DCI,DONALDSON Co INC
FRT,FEDERAL REALTY INVESTMENT TRUST
BPOP,"POPULAR, INC."
UMBF,UMB FINANCIAL CORP
BSY,BENTLEY SYSTEMS INC
SAIA,SAIA INC
AEIS,ADVANCED ENERGY INDUSTRIES INC
WTFC,WINTRUST FINANCIAL CORP
ABVX,Abivax S.A.
GMED,GLOBUS MEDICAL INC
CYTK,CYTOKINETICS INC
IESC,"IES Holdings, Inc."
ORI,OLD REPUBLIC INTERNATIONAL CORP
LINE,"Lineage, Inc."
ARW,"ARROW ELECTRONICS, INC."
DOCU,"DOCUSIGN, INC."
SFD,SMITHFIELD FOODS INC
PNR,PENTAIR plc
SIRI,SIRIUS XM HOLDINGS INC.
AES,AES CORP
ENSG,"ENSIGN GROUP, INC"
CART,Maplebear Inc.
IT,GARTNER INC
KRYS,"Krystal Biotech, Inc."
AR,ANTERO RESOURCES Corp
BMNR,"BITMINE IMMERSION TECHNOLOGIES, INC."
PSO,PEARSON PLC
MOH,"MOLINA HEALTHCARE, INC."
CFR,"CULLEN/FROST BANKERS, INC."
SUZ,Suzano S.A.
AM,Antero Midstream Corp
SPXC,"SPX Technologies, Inc."
AYI,ACUITY INC. (DE)
WYNN,WYNN RESORTS LTD
SSB,SouthState Bank Corp
PAYP,PayPay Corp
SMTC,SEMTECH CORP
OGE,OGE ENERGY CORP.
ONB,OLD NATIONAL BANCORP /IN/
HLI,"HOULIHAN LOKEY, INC."
GSAT,"Globalstar, Inc."
CTRE,"CareTrust REIT, Inc."
APGE,"Apogee Therapeutics, Inc."
ZION,"ZIONS BANCORPORATION, NATIONAL ASSOCIATI"
FDS,FACTSET RESEARCH SYSTEMS INC
PRI,"Primerica, Inc."
R,RYDER SYSTEM INC
AAL,American Airlines Group Inc.
LTH,"Life Time Group Holdings, Inc."
CGNX,COGNEX CORP
MANH,MANHATTAN ASSOCIATES INC
ALSN,Allison Transmission Holdings Inc
SARO,"StandardAero, Inc."
HALO,"HALOZYME THERAPEUTICS, INC."
LGN,Legence Corp.
UHS,UNIVERSAL HEALTH SERVICES INC
CORT,CORCEPT THERAPEUTICS INC
GME,GameStop Corp.
SMMT,Summit Therapeutics Inc.
BRX,Brixmor Property Group Inc.
HMY,HARMONY GOLD MINING CO LTD
HL,HECLA MINING CO/DE/
FRHC,Freedom Holding Corp.
AMG,"AFFILIATED MANAGERS GROUP, INC."
VSAT,VIASAT INC
YMM,Full Truck Alliance Co. Ltd.
ADC,AGREE REALTY CORP
HSIC,HENRY SCHEIN INC
FPS,"Forgent Power Solutions, Inc."
RDY,DR REDDYS LABORATORIES LTD
LFUS,LITTELFUSE INC /DE
CUBE,CubeSmart
LEVI,LEVI STRAUSS & CO
SHMXY,Shimadzu Corporation/ADR
SWKS,"SKYWORKS SOLUTIONS, INC."
TX,Ternium S.A.
TKR,TIMKEN CO
GGB,GERDAU S.A.
ACM,AECOM
NCLH,Norwegian Cruise Line Holdings Ltd.
HBM,Hudbay Minerals Inc.
MSGS,Madison Square Garden Sports Corp.
GIL,Gildan Activewear Inc.
BRKR,BRUKER CORP
OSCR,"Oscar Health, Inc."
TIMB,TIM S.A.
NNN,"NNN REIT, INC."
RMBS,RAMBUS INC
CHWY,"Chewy, Inc."
FLS,FLOWSERVE CORP
FROG,JFrog Ltd
VMI,VALMONT INDUSTRIES INC
ARE,"ALEXANDRIA REAL ESTATE EQUITIES, INC."
OSK,OSHKOSH CORP
RCWLY,Rockwool A/S/ADR
WLK,WESTLAKE CORP
DAR,DARLING INGREDIENTS INC.
AZBLY,Azbil Corporation/ADR
DDS,"DILLARD'S, INC."
LKNCY,Luckin Coffee Inc.
LLYVA,"Liberty Live Holdings, Inc."
MTCH,"Match Group, Inc."
SOLS,Solstice Advanced Materials Inc.
FR,FIRST INDUSTRIAL REALTY TRUST INC
SANM,SANMINA CORP
PNDRY,Pandora A/S / ADR
WAL,WESTERN ALLIANCE BANCORPORATION
TTC,TORO CO
VOYA,"Voya Financial, Inc."
FCFS,"FirstCash Holdings, Inc."
ALV,AUTOLIV INC
SAIL,"SailPoint, Inc."
IONS,IONIS PHARMACEUTICALS INC
PSKY,Paramount Skydance Corp
KTOS,"KRATOS DEFENSE & SECURITY SOLUTIONS, INC"
SPIIY,SPIE SA/ADR
NCLTY,"Nitori Holdings Co., Ltd."
SNEX,StoneX Group Inc.
RRC,RANGE RESOURCES CORP
AGCO,AGCO CORP /DE
KT,KT CORP
CRNX,"Crinetics Pharmaceuticals, Inc."
TTD,"Trade Desk, Inc."
REXR,"Rexford Industrial Realty, Inc."
GKOS,GLAUKOS Corp
COMP,"Compass, Inc."
COLB,"COLUMBIA BANKING SYSTEM, INC."
ESI,Element Solutions Inc
BAH,Booz Allen Hamilton Holding Corp
KYMR,"Kymera Therapeutics, Inc."
PB,PROSPERITY BANCSHARES INC
AXS,AXIS CAPITAL HOLDINGS LTD
GWKSY,GAMES WORKSHOP GROUP PLC/ADR
AOS,SMITH A O CORP
ATR,"APTARGROUP, INC."
BIO,"BIO-RAD LABORATORIES, INC."
XP,XP Inc.
SNROY,"Sanrio Company, Ltd./ADR"
PTGX,"Protagonist Therapeutics, Inc"
ELPC,ENERGY CO OF PARANA
QGEN,QIAGEN N.V.
VIAV,VIAVI SOLUTIONS INC.
BOKF,BOK FINANCIAL CORP
TTEK,TETRA TECH INC
VICR,VICOR CORP
KERCY,Keisei Electric Railway Co. Ltd/ADR
FRO,Frontline plc
CBSH,COMMERCE BANCSHARES INC /MO/
JXN,Jackson Financial Inc.
RHP,"Ryman Hospitality Properties, Inc."
SYRE,"Spyre Therapeutics, Inc."
HQY,"HEALTHEQUITY, INC."
EDU,New Oriental Education & Technology Grou
PRMB,Primo Brands Corp
CNM,"Core & Main, Inc."
CAE,CAE INC
CHYM,"Chime Financial, Inc."
KNSL,"Kinsale Capital Group, Inc."
EAT,"BRINKER INTERNATIONAL, INC"
TGTX,"TG THERAPEUTICS, INC."
ALKS,Alkermes plc.
MINBY,MINEBEA MITSUMI Inc.
RGEN,REPLIGEN CORP
AVTR,"Avantor, Inc."
EGO,ELDORADO GOLD CORP /FI
HESM,Hess Midstream LP
SSD,"Simpson Manufacturing Co., Inc."
KMX,CARMAX INC
IAG,IAMGOLD CORP
CIFR,Cipher Digital Inc.
VBREY,Vibra Energia S.A./ADR
KNTK,Kinetik Holdings Inc.
VNO,VORNADO REALTY TRUST
MAC,MACERICH CO
IDA,IDACORP INC
HXL,HEXCEL CORP /DE/
ZWS,Zurn Elkay Water Solutions Corp
GGAL,GRUPO FINANCIERO GALICIA SA
STN,STANTEC INC
PRAX,"Praxis Precision Medicines, Inc."
WULF,TERAWULF INC.
ESE,ESCO TECHNOLOGIES INC
ALGM,"ALLEGRO MICROSYSTEMS, INC."
LNC,LINCOLN NATIONAL CORP
ETSY,ETSY INC
ASR,SOUTHEAST AIRPORT GROUP
LAD,LITHIA MOTORS INC
FAF,First American Financial Corp
QRVO,"Qorvo, Inc."
GLXY,Galaxy Digital Inc.
VLY,VALLEY NATIONAL BANCORP
UGI,UGI CORP /PA/
STAG,"STAG Industrial, Inc."
IMVT,"Immunovant, Inc."
RIOT,"Riot Platforms, Inc."
SNAP,Snap Inc
PCVX,"Vaxcyte, Inc."
BLDR,"Builders FirstSource, Inc."
EMN,EASTMAN CHEMICAL CO
THG,"HANOVER INSURANCE GROUP, INC."
TRNO,Terreno Realty Corp
SOBO,South Bow Corp
AVAV,AeroVironment Inc
BIRK,Birkenstock Holding plc
CBC,"Central Bancompany, Inc."
NFG,NATIONAL FUEL GAS CO
CMC,COMMERCIAL METALS Co
AG,FIRST MAJESTIC SILVER CORP
TEX,TEREX CORP
AAON,"AAON, INC."
BVN,BUENAVENTURA MINING CO INC
ZG,"ZILLOW GROUP, INC."
HR,Healthcare Realty Trust Inc
KEX,KIRBY CORP
AWI,ARMSTRONG WORLD INDUSTRIES INC
LQDA,Liquidia Corp
AXTA,Axalta Coating Systems Ltd.
TTAN,"ServiceTitan, Inc."
TEM,"Tempus AI, Inc."
SGHC,Super Group (SGHC) Ltd
PAYC,"Paycom Software, Inc."
RAL,Ralliant Corp
APLD,Applied Digital Corp.
BILI,Bilibili Inc.
CAVA,"CAVA GROUP, INC."
JBTM,JBT MAREL Corp
SIMO,Silicon Motion Technology CORP
CWEN,"Clearway Energy, Inc."
DBX,"DROPBOX, INC."
CELH,"Celsius Holdings, Inc."
LEA,LEAR CORP
PACS,"PACS Group, Inc."
LW,"Lamb Weston Holdings, Inc."
CAG,CONAGRA BRANDS INC.
MORN,"Morningstar, Inc."
PDI,PIMCO Dynamic Income Fund
PCTY,Paylocity Holding Corp
POWL,POWELL INDUSTRIES INC
CEF,Sprott Physical Gold & Silver Trust
SFM,"Sprouts Farmers Market, Inc."
PCOR,"PROCORE TECHNOLOGIES, INC."
AN,"AUTONATION, INC."
MOS,MOSAIC CO
NEU,NEWMARKET CORP
MAAS,Maase Inc.
RYTM,"RHYTHM PHARMACEUTICALS, INC."
GAP,GAP INC
PBF,PBF Energy Inc.
CHRD,Chord Energy Corp
MP,MP Materials Corp. / DE
IBRX,"ImmunityBio, Inc."
PL,Planet Labs PBC
RSI,"Rush Street Interactive, Inc."
YOU,"Clear Secure, Inc."
EQX,Equinox Gold Corp.
AGX,ARGAN INC
SLAB,SILICON LABORATORIES INC.
PPC,PILGRIMS PRIDE CORP
OMF,"OneMain Holdings, Inc."
SM,SM Energy Co
VIST,"Vista Energy, S.A.B. de C.V."
NOV,NOV Inc.
VIPS,Vipshop Holdings Ltd
ACA,"Arcosa, Inc."
JOBY,"Joby Aviation, Inc."
FSS,FEDERAL SIGNAL CORP /DE/
VSXY,Victoria's Secret & Co.
LPGCY,Laopu Gold Co. Ltd./ADR
MHK,MOHAWK INDUSTRIES INC
BZ,Kanzhun Ltd
AVT,AVNET INC
SSL,SASOL LTD
KLAR,Klarna Group plc
AAOI,"APPLIED OPTOELECTRONICS, INC."
FNMA,FEDERAL NATIONAL MORTGAGE ASSOCIATION FA
PJT,PJT Partners Inc.
MSM,MSC INDUSTRIAL DIRECT CO INC
MSA,MSA Safety Inc
VFC,V F CORP
VFS,VinFast Auto Ltd.
EPRT,"ESSENTIAL PROPERTIES REALTY TRUST, INC."
INGM,Ingram Micro Holding Corp
MBGL,Mobility Global Inc.
POOL,POOL CORP
CRUS,"CIRRUS LOGIC, INC."
OKLO,Oklo Inc.
CPB,CAMPBELL'S Co
CHE,CHEMED CORP
FLR,FLUOR CORP
CLF,CLEVELAND-CLIFFS INC.
QMMM,QMMM Holdings Ltd
FORM,FORMFACTOR INC
MIRM,"Mirum Pharmaceuticals, Inc."
COGT,"Cogent Biosciences, Inc."
EXP,EAGLE MATERIALS INC
BYD,BOYD GAMING CORP
ICL,ICL Group Ltd.
FNB,FNB CORP/PA/
LKQ,LKQ CORP
JAN,"Janus Living, Inc."
UGP,ULTRAPAR HOLDINGS INC
SWX,"Southwest Gas Holdings, Inc."
NAVN,"Navan, Inc."
PLXS,PLEXUS CORP
IDCC,"InterDigital, Inc."
CROX,"Crocs, Inc."
LOAR,Loar Holdings Inc.
ACT,"Enact Holdings, Inc."
HIMS,"Hims & Hers Health, Inc."
GTES,Gates Industrial Corp plc
RRR,"Red Rock Resorts, Inc."
ST,Sensata Technologies Holding plc
CORZ,"Core Scientific, Inc./tx"
RYN,RAYONIER INC
UBSI,UNITED BANKSHARES INC/WV
LNTH,"Lantheus Holdings, Inc."
BCHMY,Bachem Holding AG/ADR
NPO,Enpro Inc.
LOTMY,Lottomatica Group S.p.A./ADR
RKGRY,RENK Group AG/ADR
M,"Macy's, Inc."
DPC,DPC Holdings Ltd
GATX,GATX CORP
ENS,EnerSys
PSN,PARSONS CORP
FSV,FirstService Corp
BBUC,Brookfield Business Corp
DUOL,"Duolingo, Inc."
QBTS,D-Wave Quantum Inc.
ESTC,Elastic N.V.
GLBE,Global-E Online Ltd.
APPF,APPFOLIO INC
CAMT,CAMTEK LTD
DSGX,DESCARTES SYSTEMS GROUP INC
MTG,MGIC INVESTMENT CORP
INGR,Ingredion Inc
IFS,Intercorp Financial Services Inc.
URBN,URBAN OUTFITTERS INC
NEXHY,"Nippon Express Holdings, Inc./ADR"
TXNM,TXNM ENERGY INC
KRMN,Karman Holdings Inc.
ERELY,Eregli Demir ve Celik Fabrikalari TAS/AD
IBP,"Installed Building Products, Inc."
SNDR,"Schneider National, Inc."
GBCI,"GLACIER BANCORP, INC."
STWD,"STARWOOD PROPERTY TRUST, INC."
SFGYY,Sony Financial Group Inc./ADR
S,"SentinelOne, Inc."
LSTR,LANDSTAR SYSTEM INC
PATH,"UiPath, Inc."
CGON,"CG Oncology, Inc."
NE,Noble Corp plc
ERAS,"Erasca, Inc."
HOMB,HOME BANCSHARES INC
LUMN,"Lumen Technologies, Inc."
XENE,Xenon Pharmaceuticals Inc.
VCTR,"Victory Capital Holdings, Inc."
ESNT,Essent Group Ltd.
BLTE,"BELITE BIO, INC"
FRVO,Fervo Energy Co
CHDN,Churchill Downs Inc
WEX,WEX Inc.
AROC,"Archrock, Inc."
FND,"Floor & Decor Holdings, Inc."
ENVA,"Enova International, Inc."
PTCT,"PTC THERAPEUTICS, INC."
CIG,ENERGY CO OF MINAS GERAIS
HWC,HANCOCK WHITNEY CORP
BLLN,"BillionToOne, Inc."
ACIW,"ACI WORLDWIDE, INC."
ESYJY,easyJet plc
NJR,NEW JERSEY RESOURCES CORP
FBIN,"Fortune Brands Innovations, Inc."
PAGP,PLAINS GP HOLDINGS LP
GXO,"GXO Logistics, Inc."
MIDD,MIDDLEBY Corp
MATX,"Matson, Inc."
CZR,"Caesars Entertainment, Inc."
KRG,KITE REALTY GROUP TRUST
GDS,GDS Holdings Ltd
AUB,Atlantic Union Bankshares Corp
NXE,NexGen Energy Ltd.
FIGR,"Figure Technology Solutions, Inc."
MCY,MERCURY GENERAL CORP
KNSA,"Kiniksa Pharmaceuticals International, p"
ORA,"ORMAT TECHNOLOGIES, INC."
GOLF,Acushnet Holdings Corp.
SBSW,Sibanye Stillwater Ltd
SLFPY,STANDARD LIFE PLC
WFRD,Weatherford International plc
ENIC,Enel Chile S.A.
RUSHA,RUSH ENTERPRISES INC TX
OTEX,OPEN TEXT CORP
RLI,RLI CORP
ECG,"Everus Construction Group, Inc."
POR,PORTLAND GENERAL ELECTRIC CO /OR/
ROAD,"Construction Partners, Inc."
PECO,"Phillips Edison & Company, Inc."
SON,SONOCO PRODUCTS CO
LGND,LIGAND PHARMACEUTICALS INC
AMRX,"Amneal Pharmaceuticals, Inc."
MRCY,MERCURY SYSTEMS INC
TFX,TELEFLEX INC
BEPC,Brookfield Renewable Corp
NICE,NICE Ltd.
TFPM,Triple Flag Precious Metals Corp.
NXST,"NEXSTAR MEDIA GROUP, INC."
AVAL,Grupo Aval Acciones Y Valores S.A.
TXG,"10x Genomics, Inc."
BLCO,Bausch & Lomb Corp
G,Genpact LTD
ABCB,Ameris Bancorp
PSMT,PRICESMART INC
TEO,TELECOM ARGENTINA SA
DOX,AMDOCS LTD
HNGE,"Hinge Health, Inc."
CACC,CREDIT ACCEPTANCE CORP
LYFT,"Lyft, Inc."
ASB,ASSOCIATED BANC-CORP
SRRK,Scholar Rock Holding Corp
ARSTY,Ariston Holding N.V./ADR
TAL,TAL Education Group
FLG,"FLAGSTAR BANK, NATIONAL ASSOCIATION"
LB,LandBridge Co LLC
CAR,"AVIS BUDGET GROUP, INC."
MTDR,Matador Resources Co
CWST,CASELLA WASTE SYSTEMS INC
BMA,Macro Bank Inc.
BKH,BLACK HILLS CORP /SD/
KGS,"Kodiak Gas Services, Inc."
MGY,Magnolia Oil & Gas Corp
HRB,H&R BLOCK INC
PRM,"Perimeter Solutions, Inc."
CPA,"Copa Holdings, S.A."
BGC,"BGC Group, Inc."
GTLB,Gitlab Inc.
ACI,"Albertsons Companies, Inc."
MBSHY,"Mitsubishi Gas Chemical Company, Inc./AD"
OUT,OUTFRONT Media Inc.
AMTM,"Amentum Holdings, Inc."
KVYO,"Klaviyo, Inc."
SBRA,"Sabra Health Care REIT, Inc."
AX,"Axos Financial, Inc."
SIGI,SELECTIVE INSURANCE GROUP INC
WH,"WYNDHAM HOTELS & RESORTS, INC."
STEP,StepStone Group Inc.
OZK,Bank OZK
DNTH,"Dianthus Therapeutics, Inc. /DE/"
RIG,Transocean Ltd.
AIR,AAR CORP
ESAB,ESAB Corp
GTX,Garrett Motion Inc.
DFTX,"Definium Therapeutics, Inc."
MTN,VAIL RESORTS INC
OR,OR Royalties Inc.
REZI,"RESIDEO TECHNOLOGIES, INC."
VSEC,VSE CORP
OBDC,Blue Owl Capital Corp
RITM,Rithm Capital Corp.
STVN,Stevanato Group S.p.A.
WTM,WHITE MOUNTAINS INSURANCE GROUP LTD
BTDPY,Barratt Developments PLC/ADR
REYN,Reynolds Consumer Products Inc.
ZETA,Zeta Global Holdings Corp.
UNF,UNIFIRST CORP
ALK,"ALASKA AIR GROUP, INC."
BXSL,Blackstone Secured Lending Fund
VRNS,VARONIS SYSTEMS INC
BCPC,BALCHEM CORP
TWST,Twist Bioscience Corp
ORKA,"Oruka Therapeutics, Inc."
LPX,LOUISIANA-PACIFIC CORP
MXL,"MAXLINEAR, INC"
OGC,OceanaGold Corp
FOUR,"Shift4 Payments, Inc."
EBC,"Eastern Bankshares, Inc."
BC,BRUNSWICK CORP
MWH,"SOLV Energy, Inc."
GVA,GRANITE CONSTRUCTION INC
ADT,ADT Inc.
GRFS,Grifols SA
CIGI,Colliers International Group Inc.
ALH,Alliance Laundry Holdings Inc.
MYRG,MYR GROUP INC.
SSRM,SSR MINING INC.
SXT,SENSIENT TECHNOLOGIES CORP
MUR,MURPHY OIL CORP
VSNT,"Versant Media Group, Inc."
WFG,"WEST FRASER TIMBER CO., LTD"
CUZ,COUSINS PROPERTIES INC
LAUR,"LAUREATE EDUCATION, INC."
IEP,ICAHN ENTERPRISES L.P.
RDN,RADIAN GROUP INC
OMAB,Central North Airport Group
CHH,CHOICE HOTELS INTERNATIONAL INC /DE
ANDG,Andersen Group Inc.
PIPR,PIPER SANDLER COMPANIES
FTDR,"Frontdoor, Inc."
GHC,Graham Holdings Co
EPAM,"EPAM Systems, Inc."
TVTX,"Travere Therapeutics, Inc."
BIPC,Brookfield Infrastructure Corp
VAL,Valaris Ltd
CVLT,COMMVAULT SYSTEMS INC
TFSL,TFS Financial CORP
UFPI,UFP INDUSTRIES INC
SAIC,Science Applications International Corp
BTG,B2GOLD CORP
VVV,VALVOLINE INC
SEZL,Sezzle Inc.
GNTX,GENTEX CORP
OGS,"ONE Gas, Inc."
MC,Moelis & Co
MAIN,Main Street Capital CORP
SKT,TANGER INC.
MMYT,MakeMyTrip Ltd
SLGN,SILGAN HOLDINGS INC
MMED,"MiniMed Group, Inc."
DAVE,Dave Inc./DE
FCN,"FTI CONSULTING, INC"
FFIN,FIRST FINANCIAL BANKSHARES INC
ACMR,"ACM Research, Inc."
CNO,"CNO Financial Group, Inc."
VSH,VISHAY INTERTECHNOLOGY INC
SHC,Sotera Health Co
NOVT,NOVANTA INC
DLB,"Dolby Laboratories, Inc."
HLNE,Hamilton Lane INC
FELE,FRANKLIN ELECTRIC CO INC
GLNG,GOLAR LNG LTD
HASI,"HA Sustainable Infrastructure Capital, I"
SPHR,Sphere Entertainment Co.
SR,SPIRE INC
RDNT,"RadNet, Inc."
EPR,EPR PROPERTIES
ELF,"e.l.f. Beauty, Inc."
GBTG,"Global Business Travel Group, Inc."
EQPT,EquipmentShare.com Inc
PEGA,PEGASYSTEMS INC
MTH,Meritage Homes CORP
SFBS,"ServisFirst Bancshares, Inc."
NNI,NELNET INC
OBOCY,Ottobock SE & Co. KGaA/ADR
RELY,"Remitly Global, Inc."
NTSK,Netskope Inc
KTB,"Kontoor Brands, Inc."
TKMTY,"Tokyo Metro Co., Ltd./ADR"
CSW,"CSW INDUSTRIALS, INC."
HRI,HERC HOLDINGS INC
IBOC,INTERNATIONAL BANCSHARES CORP
ATAT,Atour Lifestyle Holdings Ltd
MDA,MDA Space Ltd.
MANE,"Veradermics, Inc"
BOOT,"Boot Barn Holdings, Inc."
BCO,BRINKS CO
CE,Celanese Corp
RGTI,"Rigetti Computing, Inc."
IRDM,Iridium Communications Inc.
QLYS,"QUALYS, INC."
CNX,CNX Resources Corp
INDV,"Indivior Pharmaceuticals, Inc."
OII,OCEANEERING INTERNATIONAL INC
TKC,TURKCELL ILETISIM HIZMETLERI A S
ENPH,"Enphase Energy, Inc."
TNL,Travel & Leisure Co.
SLM,SLM Corp
HAPVY,Hapvida Participacoes e Investimentos S.
MRP,"Millrose Properties, Inc."
CBT,CABOT CORP
KBR,"KBR, INC."
FULT,FULTON FINANCIAL CORP
ITRI,"ITRON, INC."
GEF,"GREIF, INC"
RNG,"RingCentral, Inc."
TBBB,BBB FOODS INC
AQN,ALGONQUIN POWER & UTILITIES CORP.
KLIC,KULICKE & SOFFA INDUSTRIES INC
BB,BLACKBERRY Ltd
LMND,"Lemonade, Inc."
LBRDA,Liberty Broadband Corp
RMVEY,Rightmove PLC/ADR
WSC,WillScot Holdings Corp
MAUTF,Montage Gold Corp.
MMSI,MERIT MEDICAL SYSTEMS INC
CRSP,CRISPR Therapeutics AG
OCTV,Octave Intelligence plc
BILL,"BILL Holdings, Inc."
ANF,ABERCROMBIE & FITCH CO /DE/
OTF,Blue Owl Technology Finance Corp.
EXLS,"ExlService Holdings, Inc."
UEC,URANIUM ENERGY CORP
VNT,Vontier Corp
BRC,BRADY CORP
INSW,"International Seaways, Inc."
SEI,"Solaris Energy Infrastructure, Inc."
DOO,BRP Inc.
WPP,WPP plc
MRX,Marex Group Ltd
FHI,"FEDERATED HERMES, INC."
SKY,"Champion Homes, Inc."
WAY,Waystar Holding Corp.
XMTR,"Xometry, Inc."
TREX,TREX CO INC
AUGO,Aura Minerals Inc.
LIF,"Life360, Inc."
PTRN,Pattern Group Inc.
SITE,"SiteOne Landscape Supply, Inc."
CVCO,"CAVCO INDUSTRIES, INC."
KRC,KILROY REALTY CORP
PAM,Pampa Energy Inc.
LIVN,LivaNova PLC
SKYW,SKYWEST INC
MAT,MATTEL INC /DE/
NWE,"NorthWestern Energy Group, Inc."
KNF,Knife River Corp
BNL,"Broadstone Net Lease, Inc."
PFSI,"PennyMac Financial Services, Inc."
CMBT,CMB.TECH NV
ACAD,ACADIA PHARMACEUTICALS INC
MTRN,MATERION Corp
TGS,GAS TRANSPORTER OF THE SOUTH INC
XE,"X-Energy, Inc."
FBP,FIRST BANCORP /PR/
VCYT,"VERACYTE, INC."
PLNT,"Planet Fitness, Inc."
CDP,COPT DEFENSE PROPERTIES
ATMU,Atmus Filtration Technologies Inc.
CRC,California Resources Corp
ABG,ASBURY AUTOMOTIVE GROUP INC
AZZ,AZZ INC
SRAD,Sportradar Group AG
CAI,"Caris Life Sciences, Inc."
NWSGY,CTF Services Ltd
MIAX,"MIAMI INTERNATIONAL HOLDINGS, INC."
SEB,SEABOARD CORP /DE/
CAKE,CHEESECAKE FACTORY INC
DLO,dLocal Ltd
CALM,CAL-MAINE FOODS INC
BOX,BOX INC
NVST,Envista Holdings Corp
MBRFY,MARFRIG GLOBAL FOODS S.A.
EWTX,"Edgewise Therapeutics, Inc."
CENX,CENTURY ALUMINUM CO
SIM,"GRUPO SIMEC, S.A.B. de C.V."
MDU,MDU RESOURCES GROUP INC
PHI,PLDT Inc.
ONDS,Ondas Inc.
MKTX,MARKETAXESS HOLDINGS INC
TCBI,TEXAS CAPITAL BANCSHARES INC/TX
SYNA,SYNAPTICS Inc
TPC,TUTOR PERINI CORP
MARA,"MARA Holdings, Inc."
PRIM,Primoris Services Corp
CVSA,Covista Inc.
AMVOY,AUMOVIO SE
BFH,"BREAD FINANCIAL HOLDINGS, INC."
BETA,"BETA Technologies, Inc."
TNGX,"Tango Therapeutics, Inc."
BJGPY,"Beijing Geekplus Technology Co., Ltd./AD"
POST,"Post Holdings, Inc."
NP,Neptune Insurance Holdings Inc.
EE,"Excelerate Energy, Inc."
OPLN,"OPENLANE, Inc."
BFAM,BRIGHT HORIZONS FAMILY SOLUTIONS INC.
KFY,KORN FERRY
CAAP,CORPORACION AMERICA AIRPORTS S.A.
UCB,UNITED COMMUNITY BANKS INC
PAY,"Paymentus Holdings, Inc."
DORM,"Dorman Products, Inc."
DYN,"Dyne Therapeutics, Inc."
GFF,GRIFFON CORP
LFST,"LifeStance Health Group, Inc."
CATY,CATHAY GENERAL BANCORP
LAZ,"Lazard, Inc."
OLLI,"Ollie's Bargain Outlet Holdings, Inc."
CNS,"COHEN & STEERS, INC."
COLD,AMERICOLD REALTY TRUST
WSFS,WSFS FINANCIAL CORP
HGTY,"Hagerty, Inc."
CON,"Concentra Group Holdings Parent, Inc."
HCC,"WARRIOR MET COAL, INC."
GPI,GROUP 1 AUTOMOTIVE INC
THO,THOR INDUSTRIES INC
MEOH,METHANEX CORP
ICUI,ICU MEDICAL INC/DE
DNP,DNP SELECT INCOME FUND INC
CHEF,"Chefs' Warehouse, Inc."
GPGI,"GPGI, Inc."
ADOOY,Adaro Energy PT/ADR/
BBWI,"Bath & Body Works, Inc."
IFHLY,Inficon Holding AG/ADR
PII,Polaris Inc.
GEO,GEO GROUP INC
HGV,Hilton Grand Vacations Inc.
SMG,SCOTTS MIRACLE-GRO CO
HPHTY,Hamamatsu Photonics K.K./ADR
INDB,INDEPENDENT BANK CORP
SLG,SL GREEN REALTY CORP
MIR,"Mirion Technologies, Inc."
CNK,"Cinemark Holdings, Inc."
IPAR,INTERPARFUMS INC
NMRK,"NEWMARK GROUP, INC."
RHI,ROBERT HALF INC.
LRN,"Stride, Inc."
RNST,RENASANT CORP
IRT,"INDEPENDENCE REALTY TRUST, INC."
MWA,"Mueller Water Products, Inc."
BDC,BELDEN INC.
TAC,TRANSALTA CORP
FG,"F&G Annuities & Life, Inc."
PARR,"PAR PACIFIC HOLDINGS, INC."
PI,IMPINJ INC
CELC,Celcuity Inc.
FRMI,Fermi Inc.
CNR,"Core Natural Resources, Inc."
MANU,Manchester United plc
WSBC,WESBANCO INC
LOPE,"Grand Canyon Education, Inc."
CVBF,CVB FINANCIAL CORP
HHH,Howard Hughes Holdings Inc.
ZGN,Ermenegildo Zegna N.V.
APLE,"Apple Hospitality REIT, Inc."
PVH,PVH CORP. /DE/
CSTM,CONSTELLIUM SE
RLAY,"Relay Therapeutics, Inc."
STNG,Scorpio Tankers Inc.
CECO,CECO ENVIRONMENTAL CORP
DK,"Delek US Holdings, Inc."
BANF,BANCFIRST CORP /OK/
OTTR,Otter Tail Corp
YETI,"YETI Holdings, Inc."
SUNC,SunocoCorp LLC
MHO,"M/I HOMES, INC."
EXTR,EXTREME NETWORKS INC
COCO,"Vita Coco Company, Inc."
BULL,Webull Corp
VKTX,"Viking Therapeutics, Inc."
BMI,BADGER METER INC
ALHC,"Alignment Healthcare, Inc."
PBLS,"Parabilis Medicines, Inc."
TDS,TELEPHONE & DATA SYSTEMS INC /DE/
NGXXF,NGEx Minerals Ltd.
IRTC,"iRhythm Holdings, Inc."
OLED,UNIVERSAL DISPLAY CORP \PA\
NHI,NATIONAL HEALTH INVESTORS INC
DOCS,"Doximity, Inc."
GNW,GENWORTH FINANCIAL INC
LION,Lionsgate Studios Corp.
BBAR,Banco BBVA Argentina S.A.
HIW,"HIGHWOODS PROPERTIES, INC."
ELVN,"Enliven Therapeutics, Inc."
PLMR,"Palomar Holdings, Inc."
NSIT,INSIGHT ENTERPRISES INC
SIG,SIGNET JEWELERS LTD
JOYY,JOYY Inc.
HAFN,Hafnia Ltd
HAE,HAEMONETICS CORP
DNLI,Denali Therapeutics Inc.
OPEN,Opendoor Technologies Inc.
AGO,ASSURED GUARANTY LTD
LFTO,"Liftoff Mobile, Inc."
QTWO,"Q2 Holdings, Inc."
USAC,"USA Compression Partners, LP"
CLBT,Cellebrite DI Ltd.
MNSO,MINISO Group Holding Ltd
RXO,"RXO, Inc."
WING,Wingstop Inc.
KAI,KADANT INC
PRK,PARK NATIONAL CORP /OH/
TDW,TIDEWATER INC
WHD,"Cactus, Inc."
DIOD,DIODES INC /DEL/
MNDY,monday.com Ltd.
LEGN,Legend Biotech Corp
BKD,Brookdale Senior Living Inc.
MSGE,Madison Square Garden Entertainment Corp
FIBK,FIRST INTERSTATE BANCSYSTEM INC
HG,"Hamilton Insurance Group, Ltd."
BHF,"Brighthouse Financial, Inc."
ACHR,Archer Aviation Inc.
CRK,COMSTOCK RESOURCES INC
ACLS,AXCELIS TECHNOLOGIES INC
CLMT,"Calumet, Inc. /DE"
FMCC,FEDERAL HOME LOAN MORTGAGE CORP
NIC,NICOLET BANKSHARES INC
OSIS,OSI SYSTEMS INC
NHC,NATIONAL HEALTHCARE CORP
CURB,Curbline Properties Corp.
ADPT,Adaptive Biotechnologies Corp
JOE,ST JOE Co
FA,FIRST ADVANTAGE CORP
OPCH,"Option Care Health, Inc."
CCC,CCC Intelligent Solutions Holdings Inc.
SXI,STANDEX INTERNATIONAL CORP/DE/
VEON,VEON Ltd.
OGN,Organon & Co.
BATRA,"Atlanta Braves Holdings, Inc."
FFBC,FIRST FINANCIAL BANCORP /OH/
AB,ALLIANCEBERNSTEIN HOLDING L.P.
LASR,"NLIGHT, INC."
KBH,KB HOME
ARQT,"Arcutis Biotherapeutics, Inc."
UTG,REAVES UTILITY INCOME FUND
LXP,LXP Industrial Trust
TENB,"Tenable Holdings, Inc."
IPGP,IPG PHOTONICS CORP
KEN,Kenon Holdings Ltd.
PTEN,PATTERSON UTI ENERGY INC
LBTYA,Liberty Global Ltd.
AVA,AVISTA CORP
AAP,ADVANCE AUTO PARTS INC
UCTT,"Ultra Clean Holdings, Inc."
MCHB,Mechanics Bancorp
AWR,AMERICAN STATES WATER CO
NATL,NCR Atleos Corp
VAC,MARRIOTT VACATIONS WORLDWIDE Corp
NIQ,NIQ Global Intelligence plc
ALM,Almonty Industries Inc.
IDYA,"IDEAYA Biosciences, Inc."
TLX,Telix Pharmaceuticals Ltd
CRGY,Crescent Energy Co
BLSH,Bullish
ALMS,ALUMIS INC.
AVNT,AVIENT CORP
CVI,CVR ENERGY INC
CLSK,"CLEANSPARK, INC."
ORLA,Orla Mining Ltd.
GPK,GRAPHIC PACKAGING HOLDING CO
BKU,"BankUnited, Inc."
CBU,"COMMUNITY FINANCIAL SYSTEM, INC."
FHB,"FIRST HAWAIIAN, INC."
ITGR,Integer Holdings Corp
RCUS,"Arcus Biosciences, Inc."
USAR,"USA Rare Earth, Inc."
GRTX,"Galera Therapeutics, Inc."
SFNC,SIMMONS FIRST NATIONAL CORP
GBDC,"GOLUB CAPITAL BDC, Inc."
NEA,Nuveen AMT-Free Quality Municipal Income
RH,RH
CSQR,"Csquare, Inc."
ATRO,ASTRONICS CORP
GPCR,Structure Therapeutics Inc.
CPK,CHESAPEAKE UTILITIES CORP
ARLP,ALLIANCE RESOURCE PARTNERS LP
NMIH,"NMI Holdings, Inc."
ARCB,ARCBEST CORP /DE/
WK,WORKIVA INC
LEU,CENTRUS ENERGY CORP
USLM,UNITED STATES LIME & MINERALS INC
SAH,SONIC AUTOMOTIVE INC
COLM,COLUMBIA SPORTSWEAR CO
CARG,"CarGurus, Inc."
MMS,"MAXIMUS, INC."
HP,"Helmerich & Payne, Inc."
POWI,POWER INTEGRATIONS INC
CALY,Callaway Golf Co
NAMS,NewAmsterdam Pharma Co N.V.
SBCF,SEACOAST BANKING CORP OF FLORIDA
SKE,Skeena Resources Ltd
FSLY,"Fastly, Inc."
TTAM,Titan America SA
VTMX,"Vesta Real Estate Corporation, S.A.B. de"
AGYS,AGILYSYS INC
BWLP,BW LPG Ltd
SHOO,"STEVEN MADDEN, LTD."
PONY,Pony AI Inc.
HAYW,"Hayward Holdings, Inc."
BANC,"BANC OF CALIFORNIA, INC."
AKR,ACADIA REALTY TRUST
STUB,"StubHub Holdings, Inc."
BGSI,Boyd Group Services Inc.
CWK,Cushman & Wakefield Ltd.
CGAU,Centerra Gold Inc.
CSQ,CALAMOS STRATEGIC TOTAL RETURN FUND
ARX,Accelerant Holdings
EXPO,EXPONENT INC
HNI,HNI CORP
GRBK,"Green Brick Partners, Inc."
BOH,BANK OF HAWAII CORP
CRVL,CORVEL CORP
QS,QuantumScape Corp
PFS,PROVIDENT FINANCIAL SERVICES INC
WRBY,Warby Parker Inc.
EEFT,"EURONET WORLDWIDE, INC."
AWATY,Air Water Inc./ADR
VGNT,Versigent PLC
BSM,"Black Stone Minerals, L.P."
ASH,ASHLAND INC.
CWT,CALIFORNIA WATER SERVICE GROUP
MGEE,MGE ENERGY INC
PPLI,People Inc
PRVA,"Privia Health Group, Inc."
TNET,"TRINET GROUP, INC."
WDFC,WD 40 CO
ASO,"Academy Sports & Outdoors, Inc."
FLY,Firefly Aerospace Inc.
KYIV,Kyivstar Group Ltd.
UTF,COHEN & STEERS INFRASTRUCTURE FUND INC
UE,Urban Edge Properties
CXT,"Crane NXT, Co."
SBLK,Star Bulk Carriers Corp.
FRSH,Freshworks Inc.
DBD,"DIEBOLD NIXDORF, Inc"
FUL,FULLER H B CO
KN,Knowles Corp
SPNT,SiriusPoint Ltd
ADX,"ADAMS DIVERSIFIED EQUITY FUND, INC."
CSAN,Cosan S.A.
LCID,"Lucid Group, Inc."
UAA,"Under Armour, Inc."
FBK,FB Financial Corp
DKL,"Delek Logistics Partners, LP"
UWMC,UWM Holdings Corp
TRMD,TORM plc
CXW,"CoreCivic, Inc."
DX,DYNEX CAPITAL INC
PK,Park Hotels & Resorts Inc.
UNFI,UNITED NATURAL FOODS INC
FSK,FS KKR Capital Corp
FIZZ,NATIONAL BEVERAGE CORP
MZTI,MARZETTI CO
AMBP,Ardagh Metal Packaging S.A.
AEO,AMERICAN EAGLE OUTFITTERS INC
TRN,TRINITY INDUSTRIES INC
FRPT,"Freshpet, Inc."
AD,"ARRAY DIGITAL INFRASTRUCTURE, INC."
HTGC,"Hercules Capital, Inc."
KC,Kingsoft Cloud Holdings Ltd
ETOR,eToro Group Ltd.
HWKN,HAWKINS INC
DHT,"DHT Holdings, Inc."
PHIN,PHINIA INC.
XNDU,Xanadu Quantum Technologies Ltd
ARIS,Aris Mining Corp
AMBA,AMBARELLA INC
EMAT,Evolution Metals & Technologies Corp.
RGC,Regencell Bioscience Holdings Ltd
KD,"Kyndryl Holdings, Inc."
DAN,DANA Inc
BMRRY,B&M European Value Retail S.A./ADR
TR,TOOTSIE ROLL INDUSTRIES INC
ACHC,"Acadia Healthcare Company, Inc."
LPL,"LG Display Co., Ltd."
WT,"WisdomTree, Inc."
HUBG,"Hub Group, Inc."
HYPMY,Hypermarcas S.A.
AAMI,Acadian Asset Management Inc.
EXG,Eaton Vance Tax-Managed Global Diversifi
DBRG,"DigitalBridge Group, Inc."
GRND,Grindr Inc.
PATK,PATRICK INDUSTRIES INC
MGRC,MCGRATH RENTCORP
ZIM,ZIM Integrated Shipping Services Ltd.
APAM,Artisan Partners Asset Management Inc.
JPC,Nuveen Preferred & Income Opportunities 
LBRT,Liberty Energy Inc.
NTCT,NETSCOUT SYSTEMS INC
ABM,ABM INDUSTRIES INC /DE/
FCPT,"Four Corners Property Trust, Inc."
MPT,MEDICAL PROPERTIES TRUST INC
BTE,BAYTEX ENERGY CORP.
TBBK,"Bancorp, Inc."
BRZE,"Braze, Inc."
WOR,"WORTHINGTON ENTERPRISES, INC."
VC,VISTEON CORP
PENN,"PENN Entertainment, Inc."
IVT,InvenTrust Properties Corp.
BXMT,"BLACKSTONE MORTGAGE TRUST, INC."
BCC,BOISE CASCADE Co
PTON,"PELOTON INTERACTIVE, INC."
IRON,"Disc Medicine, Inc."
MBX,"MBX Biosciences, Inc."
TDC,TERADATA CORP /DE/
OSW,ONESPAWORLD HOLDINGS Ltd
SMR,NUSCALE POWER Corp
BTU,PEABODY ENERGY CORP
MGNI,"MAGNITE, INC."
VVX,"V2X, Inc."
UUUU,ENERGY FUELS INC
VECO,VEECO INSTRUMENTS INC
CENT,CENTRAL GARDEN & PET CO
CHRN,ChronoScale Holdings Corp
CLDX,"Celldex Therapeutics, Inc."
AVPT,"AvePoint, Inc."
IHS,IHS Holding Ltd
NBTB,NBT BANCORP INC
AYA,Aya Gold & Silver Inc.
ADEA,Adeia Inc.
AXTI,AXT INC
BWIN,"Baldwin Insurance Group, Inc."
PLUG,PLUG POWER INC
WLY,"JOHN WILEY & SONS, INC."
FRME,FIRST MERCHANTS CORP
TRMK,TRUSTMARK CORP
GRAL,"GRAIL, Inc."
ESTA,ESTABLISHMENT LABS HOLDINGS INC.
FXCNY,FIH Mobile Ltd
ALGT,Allegiant Travel CO
NAD,Nuveen Quality Municipal Income Fund
BHE,BENCHMARK ELECTRONICS INC
GPOR,GULFPORT ENERGY CORP
ALRM,"Alarm.com Holdings, Inc."
SUPN,"SUPERNUS PHARMACEUTICALS, INC."
PTXKY,PT XLSMART Telecom Sejahtera Tbk/ADR
WAFD,WAFD INC
HTO,H2O AMERICA
SOUN,"SOUNDHOUND AI, INC."
DJT,Trump Media & Technology Group Corp.
SII,SPROTT INC.
DCO,DUCOMMUN INC /DE/
AAUC,Allied Gold Corp
KWR,QUAKER CHEMICAL CORP
EROC,"ERock, Inc."
KMT,KENNAMETAL INC
EBOSY,EBOS Group Limited/ADR
SHAK,Shake Shack Inc.
SA,SEABRIDGE GOLD INC
BELFA,BEL FUSE INC /NJ
STNE,StoneCo Ltd.
XRAY,DENTSPLY SIRONA Inc.
NVG,Nuveen AMT-Free Municipal Credit Income 
HOG,"HARLEY-DAVIDSON, INC."
ERO,Ero Copper Corp.
CUBI,"Customers Bancorp, Inc."
DRH,DiamondRock Hospitality Co
GRDN,"Guardian Pharmacy Services, Inc."
TNK,TEEKAY TANKERS LTD.
PAGS,PagSeguro Digital Ltd.
ATAI,AtaiBeckley Inc.
FBNC,FIRST BANCORP /NC/
BEAM,Beam Therapeutics Inc.
UPST,"Upstart Holdings, Inc."
KALU,KAISER ALUMINUM CORP
ATHM,Autohome Inc.
EFXT,Enerflex Ltd.
CTRI,"Centuri Holdings, Inc."
VISN,"Vistance Networks, Inc."
LCII,LCI INDUSTRIES
NGVT,Ingevity Corp
GDV,GABELLI DIVIDEND & INCOME TRUST
IMNM,Immunome Inc.
NYAX,Nayax Ltd.
MAN,ManpowerGroup Inc.
ATS,ATS Corp /ATS
TMDX,"TransMedics Group, Inc."
TRVI,"Trevi Therapeutics, Inc."
BKV,BKV Corp
SDRL,SEADRILL Ltd
WU,Western Union CO
HLIO,"HELIOS TECHNOLOGIES, INC."
NESR,National Energy Services Reunited Corp.
CC,Chemours Co
TARS,"Tarsus Pharmaceuticals, Inc."
SKWD,"Skyward Specialty Insurance Group, Inc."
ATKR,Atkore Inc.
IMAX,IMAX CORP
BUSE,FIRST BUSEY CORP /NV/
FSM,FORTUNA MINING CORP.
UNIT,Uniti Group Inc.
WTTR,"Select Water Solutions, Inc."
BTDR,Bitdeer Technologies Group
NG,NOVAGOLD RESOURCES INC
DNOW,DNOW Inc.
MRVI,"MARAVAI LIFESCIENCES HOLDINGS, INC."
RARE,Ultragenyx Pharmaceutical Inc.
DAC,Danaos Corp
SPSC,SPS COMMERCE INC
DGII,DIGI INTERNATIONAL INC
BBT,Beacon Financial Corp
DNN,DENISON MINES CORP.
CBZ,"CBIZ, Inc."
SYBT,"Stock Yards Bancorp, Inc."
TGB,Trekor Metals Ltd
WHR,WHIRLPOOL CORP /DE/
ANDE,"Andersons, Inc."
SMSGY,Samsonite International SA/ADR
PTY,PIMCO CORPORATE & INCOME OPPORTUNITY FUN
PLBL,Polibeli Group Ltd
DXPE,DXP ENTERPRISES INC
DRVN,Driven Brands Holdings Inc.
INTR,"Inter & Co, Inc."
QURE,uniQure N.V.
NRIX,"Nurix Therapeutics, Inc."
KOD,Kodiak Sciences Inc.
BCRX,BIOCRYST PHARMACEUTICALS INC
PBH,Prestige Consumer Healthcare Inc.
NVTS,Navitas Semiconductor Corp
OLN,OLIN Corp
PENG,"Penguin Solutions, Inc."
SLDE,"Slide Insurance Holdings, Inc."
PLSE,"PULSE BIOSCIENCES, INC."
WIX,Wix.com Ltd.
EFSC,ENTERPRISE FINANCIAL SERVICES CORP
COTY,COTY INC.
KYN,Kayne Anderson Energy Infrastructure Fun
PAYO,Payoneer Global Inc.
PBI,PITNEY BOWES INC /DE/
NZF,Nuveen Municipal Credit Income Fund
PLUS,EPLUS INC
RLX,RLX Technology Inc.
DEI,Douglas Emmett Inc
CMPR,CIMPRESS plc
PGNY,"Progyny, Inc."
AMC,"AMC ENTERTAINMENT HOLDINGS, INC."
AYR,Aircastle LTD
VERA,"Vera Therapeutics, Inc."
GSHD,"Goosehead Insurance, Inc."
NTB,Bank of N.T. Butterfield & Son Ltd
SEDG,"SOLAREDGE TECHNOLOGIES, INC."
VCEL,Vericel Corp
BANR,BANNER CORP
NKTR,NEKTAR THERAPEUTICS
ICHR,"ICHOR HOLDINGS, LTD."
LCLN,"Lincoln International, Inc."
MLYS,"Mineralys Therapeutics, Inc."
INTA,"Intapp, Inc."
YSS,York Space Systems Inc.
MTX,MINERALS TECHNOLOGIES INC
CALX,"CALIX, INC"
NWBI,"Northwest Bancshares, Inc."
LMAT,LEMAITRE VASCULAR INC
BKE,BUCKLE INC
WERN,WERNER ENTERPRISES INC
PHVS,Pharvaris N.V.
BLBD,Blue Bird Corp
CTOS,"Custom Truck One Source, Inc."
AEGXF,Aecon Group Inc.
FLNC,"Fluence Energy, Inc."
RUN,Sunrun Inc.
TALO,TALOS ENERGY INC.
ATEN,"A10 Networks, Inc."
AGM,FEDERAL AGRICULTURAL MORTGAGE CORP
RAMP,"LiveRamp Holdings, Inc."
HCI,"HCI Group, Inc."
CLOV,"CLOVER HEALTH INVESTMENTS, CORP. /DE"
NUVB,Nuvation Bio Inc.
EXK,ENDEAVOUR SILVER CORP
ECO,Okeanis Eco Tankers Corp.
HE,HAWAIIAN ELECTRIC INDUSTRIES INC
ETY,Eaton Vance Tax-Managed Diversified Equi
HTH,Hilltop Holdings Inc.
BLX,"BLADEX, INC."
CURLF,"Curaleaf Holdings, Inc."
AEHR,AEHR TEST SYSTEMS
AERO,"Grupo Aeromexico, S.A.B. de C.V."
DHC,DIVERSIFIED HEALTHCARE TRUST
AEBZY,ANADOLU EFES BIRACILIK VE MALT SANAYI A 
OFG,OFG BANCORP
KEEL,Keel Infrastructure Corp.
MBIN,Merchants Bancorp
IQMX,IQM Quantum Computers Oyj
NMM,Navios Maritime Partners L.P.
CHA,Chagee Holdings Ltd.
OUST,"Ouster, Inc."
NWL,NEWELL BRANDS INC.
ADUS,Addus HomeCare Corp
HTFL,"Heartflow, Inc."
PLGO,Pelagos Insurance Capital Ltd
RNW,ReNew Energy Global plc
GOF,GUGGENHEIM STRATEGIC OPPORTUNITIES FUND
RVT,"ROYCE SMALL-CAP TRUST, INC."
NWN,Northwest Natural Holding Co
MNR,MACH NATURAL RESOURCES LP
JBLU,JETBLUE AIRWAYS CORP
MCRI,MONARCH CASINO & RESORT INC
SHO,"Sunstone Hotel Investors, Inc."
COAG,"Hemab Therapeutics Holdings, Inc."
NMZ,NUVEEN MUNICIPAL HIGH INCOME OPPORTUNITY
PEB,Pebblebrook Hotel Trust
CCU,UNITED BREWERIES CO INC
CLM,"Cornerstone Strategic Investment Fund, I"
MD,"Pediatrix Medical Group, Inc."
BOBS,"Bob's Discount Furniture, Inc."
KLRA,"Kailera Therapeutics, Inc."
MLCO,Melco Resorts & Entertainment LTD
AXGN,"Axogen, Inc."
SRCE,1ST SOURCE CORP
NOG,"NORTHERN OIL & GAS, INC."
HAPN,"Happen, Inc."
PPTA,PERPETUA RESOURCES CORP.
CEPU,CENTRAL PUERTO S.A.
FCF,FIRST COMMONWEALTH FINANCIAL CORP /PA/
PRKS,United Parks & Resorts Inc.
GRC,GORMAN RUPP CO
LTC,LTC PROPERTIES INC
AIN,ALBANY INTERNATIONAL CORP /DE/
PIII,P3 Health Partners Inc.
KSS,KOHLS Corp
UTI,UNIVERSAL TECHNICAL INSTITUTE INC
ROG,ROGERS CORP
TSCFY,Tisco Financial Group Public Co Limited/
VERX,"Vertex, Inc."
AVAH,"Aveanna Healthcare Holdings, Inc."
VRDN,"Viridian Therapeutics, Inc.\DE"
NTST,NETSTREIT Corp.
IOSP,INNOSPEC INC.
GTY,GETTY REALTY CORP /MD/
HMN,HORACE MANN EDUCATORS CORP /DE/
XHR,"Xenia Hotels & Resorts, Inc."
AMLX,"Amylyx Pharmaceuticals, Inc."
EVCM,EverCommerce Inc.
MBLY,Mobileye Global Inc.
MH,"McGraw Hill, Inc."
AGIO,"AGIOS PHARMACEUTICALS, INC."
STC,STEWART INFORMATION SERVICES CORP
CNXN,PC CONNECTION INC
ZLAB,Zai Lab Ltd
GT,GOODYEAR TIRE & RUBBER CO /OH/
IOVA,"IOVANCE BIOTHERAPEUTICS, INC."
SPGNY,Springer Nature AG & Co. KGaA/ADR
MFP,"Midera Food Processing, Inc."
BHVN,Biohaven Ltd.
HIMX,"Himax Technologies, Inc."
EVT,Eaton Vance Tax-Advantaged Dividend Inco
FIVN,"Five9, Inc."
PSNY,Polestar Automotive Holding UK PLC
TGLS,Tecnoglass Holdings Inc.
BXDC,Blackstone Digital Infrastructure Trust 
CDLR,Cadeler A/S
SPB,"Spectrum Brands Holdings, Inc."
SION,"Sionna Therapeutics, Inc."
SVM,SILVERCORP METALS INC
PRDO,PERDOCEO EDUCATION Corp
HRMY,"Harmony Biosciences Holdings, Inc."
WKC,WORLD KINECT CORP
ZBIO,"Zenas BioPharma, Inc."
CCS,"Century Communities, Inc."
FLOC,Flowco Holdings Inc.
INFQ,"Infleqtion, Inc."
SGRY,"Surgery Partners, Inc."
SNDA,"SONIDA SENIOR LIVING, INC."
NCNO,"nCino, Inc."
ECPG,ENCORE CAPITAL GROUP INC
CHCO,CITY HOLDING CO
FLYW,Flywire Corp
NEOG,NEOGEN CORP
VSTS,Vestis Corp
APPN,APPIAN CORP
ARR,"Armour Residential REIT, Inc."
HUN,Huntsman CORP
ADMA,"ADMA BIOLOGICS, INC."
ALG,ALAMO GROUP INC
RDW,Redwire Corp
PVLA,"PALVELLA THERAPEUTICS, INC."
TILE,INTERFACE INC
TMC,TMC the metals Co Inc.
URGN,UroGen Pharma Ltd.
LUNR,"Intuitive Machines, Inc."
NSP,"INSPERITY, INC."
HURN,Huron Consulting Group Inc.
KARO,Karooooo Ltd.
COHU,COHU INC
SLS,"SELLAS Life Sciences Group, Inc."
SMA,"SmartStop Self Storage REIT, Inc."
ATRC,"AtriCure, Inc."
UFPT,UFP TECHNOLOGIES INC
LOB,"Live Oak Bancshares, Inc."
RAPP,"Rapport Therapeutics, Inc."
HAWK,"HawkEye 360, Inc."
GENI,Genius Sports Ltd
RBCAA,REPUBLIC BANCORP INC /KY/
SSMR,Sunshine Silver Mining & Refining Co
EVTC,"EVERTEC, Inc."
WB,WEIBO Corp
SONO,Sonos Inc
STGW,Stagwell Inc
ALKT,"ALKAMI TECHNOLOGY, INC."
BRSL,Brightstar Lottery PLC
ZD,"ZIFF DAVIS, INC."
FTRE,Fortrea Holdings Inc.
LIND,"LINDBLAD EXPEDITIONS HOLDINGS, INC."
OMCL,"OMNICELL, INC."
HCM,HUTCHMED (China) Ltd
KARD,"Kardigan, Inc."
ASAN,"Asana, Inc."
DAO,"Youdao, Inc."
KOZAY,Turk Altin Isletmeleri A.S./ADR
AUPH,Aurinia Pharmaceuticals Inc.
SAM,BOSTON BEER CO INC
LPG,DORIAN LPG LTD.
MQ,"Marqeta, Inc."
STBA,S&T BANCORP INC
NVCR,NovoCure Ltd
GHRS,GH Research PLC
PGEN,"PRECIGEN, INC."
WMK,WEIS MARKETS INC
RVLV,"Revolve Group, Inc."
NBHC,National Bank Holdings Corp
WRD,WeRide Inc.
EPAC,ENERPAC TOOL GROUP CORP
VNET,"VNET Group, Inc."
GABC,"GERMAN AMERICAN BANCORP, INC."
BSTZ,BlackRock Science & Technology Term Trus
RLJ,RLJ Lodging Trust
NGL,NGL Energy Partners LP
NBTX,Nanobiotix S.A.
ASTH,"Astrana Health, Inc."
INOD,INNODATA INC
CPRI,Capri Holdings Ltd
BL,"BLACKLINE, INC."
WGS,GeneDx Holdings Corp.
NUV,NUVEEN MUNICIPAL VALUE FUND INC
AAT,"American Assets Trust, Inc."
GNL,"Global Net Lease, Inc."
PDFS,PDF SOLUTIONS INC
SIND,Sinda Ltd.
WS,"Worthington Steel, Inc."
TY,TRI-CONTINENTAL Corp
MESO,MESOBLAST LTD
FUN,Six Flags Entertainment Corporation/NEW
CASH,"PATHWARD FINANCIAL, INC."
CMRE,Costamare Inc.
STRA,"Strategic Education, Inc."
AMR,"Alpha Metallurgical Resources, Inc."
TSAT,Telesat Corp
TCBK,TRICO BANCSHARES /
BFLY,"Butterfly Network, Inc."
CBL,CBL & ASSOCIATES PROPERTIES INC
BVC,BitVentures Ltd
CTS,CTS CORP
BVENY,Brava Energia S.A.
NAC,Nuveen California Quality Municipal Inco
PDO,PIMCO Dynamic Income Opportunities Fund
NN,NEXTNAV INC.
EZPW,EZCORP INC
CDNA,"CareDx, Inc."
LKFT,Lakefront Biotherapeutics NV
FORTY,FORMULA SYSTEMS (1985) LTD
OCUL,"OCULAR THERAPEUTIX, INC"
FSUN,FIRSTSUN CAPITAL BANCORP
KMPR,KEMPER Corp
GEL,GENESIS ENERGY LP
ANIP,ANI PHARMACEUTICALS INC
TFIN,"Triumph Financial, Inc."
TYRA,"Tyra Biosciences, Inc."
PRG,"PROG Holdings, Inc."
GLUE,"Monte Rosa Therapeutics, Inc."
DCOM,"Dime Commercial Bancshares, Inc. /NY/"
DMRA,"Damora Therapeutics, Inc."
INVX,"Innovex International, Inc."
HOPE,HOPE BANCORP INC
ATEX,Anterix Inc.
STEW,"SRH Total Return Fund, Inc."
HYMC,HYCROFT MINING HOLDING CORP
DRD,DRDGOLD LTD
PRLB,Proto Labs Inc
USA,LIBERTY ALL STAR EQUITY FUND
STOK,"Stoke Therapeutics, Inc."
RMIX,"Suncrete, Inc."
XPRO,Expro Ltd
BY,"BYLINE BANCORP, INC."
IIPR,INNOVATIVE INDUSTRIAL PROPERTIES INC
DXC,DXC Technology Co
PAX,Patria Investments Ltd
LIFE,Ethos Technologies Inc.
BCAX,Bicara Therapeutics Inc.
GAB,GABELLI EQUITY TRUST INC
ARCO,Arcos Dorados Holdings Inc.
VIA,"Via Transportation, Inc."
SNDX,Syndax Pharmaceuticals Inc
WD,"Walker & Dunlop, Inc."
ESRT,"Empire State Realty Trust, Inc."
ETG,Eaton Vance Tax-Advantaged Global Divide
DV,"DoubleVerify Holdings, Inc."
GUYGF,G2 Goldfields Inc.
NEO,NEOGENOMICS INC
OCFC,OCEANFIRST FINANCIAL CORP
EFC,Ellington Financial Inc.
CYD,CHINA YUCHAI INTERNATIONAL LTD
RQI,COHEN & STEERS QUALITY INCOME REALTY FUN
QUBT,Quantum Computing Inc.
MDCOY,PT Medco Energi Internasional Tbk/ADR
EYE,"National Vision Holdings, Inc."
FIGS,"FIGS, Inc."
IMOS,CHIPMOS TECHNOLOGIES INC
NOMD,Nomad Foods Ltd
TRIP,"TripAdvisor, Inc."
BDJ,BlackRock Enhanced Equity Dividend Trust
APC,ARKO Petroleum Corp.
IMKTA,INGLES MARKETS INC
AAPG,ASCENTAGE PHARMA GROUP INTERNATIONAL
ALMR,"Alamar Biosciences, Inc."
IMCR,Immunocore Holdings plc
ETV,Eaton Vance Tax-Managed Buy-Write Opport
COUR,"Coursera, Inc."
LIME,"Neutron Holdings, Inc."
OPRA,Opera Ltd
PLAB,PHOTRONICS INC
OBK,"Origin Bancorp, Inc."
FLNG,Flex LNG Ltd.
IDT,IDT CORP
BHC,Bausch Health Companies Inc.
WWW,WOLVERINE WORLD WIDE INC /DE/
QCRH,QCR HOLDINGS INC
BFC,Bank First Corp
ENOV,Enovis CORP
TSLX,"Sixth Street Specialty Lending, Inc."
ADNT,Adient plc
CNOB,"ConnectOne Bancorp, Inc."
WLFC,WILLIS LEASE FINANCE CORP
BLKB,BLACKBAUD INC
TDOC,"Teladoc Health, Inc."
PRGS,PROGRESS SOFTWARE CORP /MA
GLP,GLOBAL PARTNERS LP
LILA,Liberty Latin America Ltd.
RUM,RUM Group Inc.
QFIN,"Qfin Holdings, Inc."
ZYME,Zymeworks Inc.
SXGCF,Southern Cross Gold Consolidated Ltd.
LZB,LA-Z-BOY INC
ARDT,"Ardent Health, Inc."
SHAZ,SharonAI Holdings Inc.
GENB,"Generate Biomedicines, Inc."
BAND,Bandwidth Inc.
FLO,FLOWERS FOODS INC
NEXA,Nexa Resources S.A.
AVVSY,Avio S.p.A./ADR
SRPT,"Sarepta Therapeutics, Inc."
ABCL,AbCellera Biologics Inc.
AGL,"agilon health, inc."
BCAT,BlackRock Capital Allocation Term Trust
SFL,SFL Corp Ltd.
INVA,"Innoviva, Inc."
NEXT,NextDecade Corp
INNV,InnovAge Holding Corp.
MLTX,MoonLake Immunotherapeutics
HCSG,HEALTHCARE SERVICES GROUP INC
TRLV,Trulieve Cannabis Corp.
RYZ,Ryerson Holding Corp
DSGR,"Distribution Solutions Group, Inc."
MLKN,"MILLERKNOLL, INC."
GBX,GREENBRIER COMPANIES INC
VET,VERMILION ENERGY INC.
RXRX,"RECURSION PHARMACEUTICALS, INC."
HLMN,Hillman Solutions Corp.
BRBR,"BELLRING BRANDS, INC."
TRIN,Trinity Capital Inc.
LKFN,LAKELAND FINANCIAL CORP
TIC,"TIC Solutions, Inc."
BLFS,BIOLIFE SOLUTIONS INC
ATLC,Atlanticus Holdings Corp
TSHA,"Taysha Gene Therapies, Inc."
PICS,PicS N.V.
FCEL,FUELCELL ENERGY INC
SVV,"Savers Value Village, Inc."
FBRX,"Forte Biosciences, Inc."
ESBA,"Empire State Realty OP, L.P."
KRP,"Kimbell Royalty Partners, LP"
AZUL,AZUL SA
GSL,"Global Ship Lease, Inc."
CET,CENTRAL SECURITIES CORP
IART,INTEGRA LIFESCIENCES HOLDINGS CORP
TPB,"Turning Point Brands, Inc."
ARLO,"Arlo Technologies, Inc."
GIII,G III APPAREL GROUP LTD /DE/
ANAB,"ANAPTYSBIO, INC"
CNXC,Concentrix Corp
BST,BlackRock Science & Technology Trust
GAM,GENERAL AMERICAN INVESTORS CO INC
SLVM,Sylvamo Corp
PWP,Perella Weinberg Partners
MAZE,"Maze Therapeutics, Inc."
CLVT,CLARIVATE PLC
SKYT,"SkyWater Technology, Inc"
WBI,WaterBridge Infrastructure LLC
SEPN,"Septerna, Inc."
GLOB,Globant S.A.
SLBT,SL Science Holding Ltd
PAEXY,Parex Resources Inc./ADR
AHCO,AdaptHealth Corp.
XXI,"Twenty One Capital, Inc."
SAFT,SAFETY INSURANCE GROUP INC
GTBIF,Green Thumb Industries Inc.
VOYG,"Voyager Technologies, Inc./TX"
PLTK,Playtika Holding Corp.
TNC,TENNANT CO
ECAT,BlackRock ESG Capital Allocation Term Tr
PEBO,PEOPLES BANCORP INC
NTLA,"Intellia Therapeutics, Inc."
ICFI,"ICF International, Inc."
INSP,"Inspire Medical Systems, Inc."
YELP,YELP INC
JJSF,J&J SNACK FOODS CORP
ENR,"ENERGIZER HOLDINGS, INC."
XZO,"Exzeo Group, Inc."
FOR,Forestar Group Inc.
AMBQ,"Ambiq Micro, Inc."
CXM,"Sprinklr, Inc."
ITG,"ITG, Inc./DE/"
AMAL,Amalgamated Financial Corp.
PRSU,"Pursuit Attractions & Hospitality, Inc."
TH,Target Hospitality Corp.
BHRB,Burke & Herbert Financial Services Corp.
VIR,"Vir Biotechnology, Inc."
GCT,GigaCloud Technology Inc
CSWC,CAPITAL SOUTHWEST CORP
SBCLY,Sumitomo Bakelite Co Limited/ADR
LEG,LEGGETT & PLATT INC
DFH,"Dream Finders Homes, Inc."
SBH,"Sally Beauty Holdings, Inc."
PAHC,PHIBRO ANIMAL HEALTH CORP
LNXSY,LANXESS AG
TV,"GRUPO TELEVISA, S.A.B."
PNTG,"Pennant Group, Inc."
TRAX,"First Tracks Biotherapeutics, Inc."
ODC,Oil-Dri Corp of America
XNCR,Xencor Inc
CMPS,COMPASS Pathways plc
CRI,CARTERS INC
PLPC,PREFORMED LINE PRODUCTS CO
WEN,Wendy's Co
SID,NATIONAL STEEL CO
SHLS,"Shoals Technologies Group, Inc."
BXBL,BOXABL Inc.
TMP,TOMPKINS FINANCIAL CORP
TRS,TRIMAS CORP
BJRI,BJs RESTAURANTS INC
AGRO,Adecoagro S.A.
ATEC,"Alphatec Holdings, Inc."
BTT,BlackRock Municipal 2030 Target Term Tru
REAL,"TheRealReal, Inc."
LGIH,"LGI Homes, Inc."
QQQX,Nuveen NASDAQ 100 Dynamic Overwrite Fund
EBCRY,Embracer Group AB/ADR
IE,Ivanhoe Electric Inc.
CDRE,"Cadre Holdings, Inc."
ACVA,ACV Auctions Inc.
OI,"O-I Glass, Inc. /DE/"
NFJ,"Virtus Dividend, Interest & Premium Stra"
CTBI,COMMUNITY TRUST BANCORP INC /KY/
REX,REX AMERICAN RESOURCES Corp
ULCC,"Frontier Group Holdings, Inc."
WLTH,WEALTHFRONT CORP
XERS,"Xeris Biopharma Holdings, Inc."
KMTS,"KESTRA MEDICAL TECHNOLOGIES, LTD."
ALNT,ALLIENT INC
KOS,Kosmos Energy Ltd.
PRGO,PERRIGO Co plc
HROW,"HARROW, INC."
LZ,"LEGALZOOM.COM, INC."
NXRT,"NexPoint Residential Trust, Inc."
LSPD,Lightspeed Commerce Inc.
MGRT,Mega Fortune Co Ltd
AMSC,AMERICAN SUPERCONDUCTOR CORP /DE/
AESI,Atlas Energy Solutions Inc.
FMBH,"FIRST MID BANCSHARES, INC."
WABC,WESTAMERICA BANCORPORATION
OPFI,OppFi Inc.
FMC,FMC CORP
GIC,GLOBAL INDUSTRIAL Co
AI,"C3.ai, Inc."
TOP,TOP Financial Group Ltd
ROCK,"GIBRALTAR INDUSTRIES, INC."
DMC,DEL MONTE CORP
CCEC,Capital Clean Energy Carriers Corp.
TBLA,Taboola.com Ltd.
AVBP,"ArriVent BioPharma, Inc."
PRCH,"Porch Group, Inc."
ALX,ALEXANDERS INC
UVV,UNIVERSAL CORP /VA/
PGY,Pagaya Technologies Ltd.
ECVT,Ecovyst Inc.
DOLE,Dole plc
HYT,"BLACKROCK CORPORATE HIGH YIELD FUND, INC"
LU,Lufax Holding Ltd
NAT,NORDIC AMERICAN TANKERS Ltd
HLX,HELIX ENERGY SOLUTIONS GROUP INC
UFCS,UNITED FIRE GROUP INC
UMH,"UMH PROPERTIES, INC."
NVGS,Navigator Holdings Ltd.
BBAI,"BigBear.ai Holdings, Inc."
VTOL,Bristow Group Inc.
HBNB,Hotel101 Global Holdings Corp.
CNMD,CONMED Corp
SBET,"Sharplink, Inc."
NRP,NATURAL RESOURCE PARTNERS LP
AMN,AMN HEALTHCARE SERVICES INC
BV,"BrightView Holdings, Inc."
DFIN,"Donnelley Financial Solutions, Inc."
AIP,"Arteris, Inc."
LINC,LINCOLN EDUCATIONAL SERVICES CORP
SCL,STEPAN CO
NSSC,"NAPCO SECURITY TECHNOLOGIES, INC"
AZTA,"Azenta, Inc."
LOMA,Loma Negra Compania Industrial Argentina
DCH,Dauch Corp
PBT,PERMIAN BASIN ROYALTY TRUST
AORT,"ARTIVION, INC."
AFYA,Afya Ltd
ORC,"Orchid Island Capital, Inc."
BW,"Babcock & Wilcox Enterprises, Inc."
HBT,"HBT Financial, Inc."
DMLP,"DORCHESTER MINERALS, L.P."
PUMP,ProPetro Holding Corp.
EPC,EDGEWELL PERSONAL CARE Co
MSDL,Morgan Stanley Direct Lending Fund
IRS,IRSA INVESTMENTS & REPRESENTATIONS INC
HLF,HERBALIFE LTD.
OSBC,OLD SECOND BANCORP INC
THRM,Gentherm Inc
MNSKY,MoneySupermarket.com Group PLC/ADR
USAS,Americas Gold & Silver Corp
JCAP,"Jefferson Capital, Inc. / DE"
AKTS,"Aktis Oncology, Inc."
YSWY,"Yesway, Inc."
TWO,TWO HARBORS INVESTMENT CORP.
OPK,"OPKO HEALTH, INC."
ETON,"Eton Pharmaceuticals, Inc."
AMPX,"Amprius Technologies, Inc."
UAN,"CVR PARTNERS, LP"
MRTN,MARTEN TRANSPORT LTD
ASTE,ASTEC INDUSTRIES INC
UPBD,"UPBOUND GROUP, INC."
DLX,DELUXE CORP
TDAY,"USA TODAY Co., Inc."
ARDX,"ARDELYX, INC."
PSNL,"Personalis, Inc."
HQH,abrdn Healthcare Investors
AHG,Akso Health Group
MYE,MYERS INDUSTRIES INC
LADR,Ladder Capital Corp
PFBC,Preferred Bank
UTZ,"Utz Brands, Inc."
WBTN,WEBTOON Entertainment Inc.
BFS,"SAUL CENTERS, INC."
UVSP,UNIVEST FINANCIAL Corp
SLSR,Solaris Resources Inc.
SPH,SUBURBAN PROPANE PARTNERS LP
CMP,COMPASS MINERALS INTERNATIONAL INC
BRAI,Braiin Ltd
CERT,"Certara, Inc."
LQDT,LIQUIDITY SERVICES INC
WINA,WINMARK CORP
IGIC,International General Insurance Holdings
UVE,"UNIVERSAL INSURANCE HOLDINGS, INC."
AVLN,Avalyn Pharma Inc.
TNDM,TANDEM DIABETES CARE INC
JFR,NUVEEN FLOATING RATE INCOME FUND
IRMD,IRADIMED CORP
CCO,"Clear Channel Outdoor Holdings, Inc."
DEA,"Easterly Government Properties, Inc."
ASIC,Ategrity Specialty Insurance Co Holdings
ORIC,"Oric Pharmaceuticals, Inc."
HFWA,HERITAGE FINANCIAL CORP /WA/
DSL,DoubleLine Income Solutions Fund
NVAX,NOVAVAX INC
PDM,"Piedmont Realty Trust, Inc."
EOSE,"Eos Energy Enterprises, Inc."
MMI,"Marcus & Millichap, Inc."
ABSI,Absci Corp
PCT,"PureCycle Technologies, Inc."
XPEL,"XPEL, Inc."
IQ,"iQIYI, Inc."
EDN,EDENOR
OMDA,"Omada Health, Inc."
SAFE,Safehold Inc.
UPWK,"UPWORK, INC"
BORR,Borr Drilling Ltd
MNKD,MANNKIND CORP
NWPX,"NWPX Infrastructure, Inc."
RDWR,RADWARE LTD
VPG,"Vishay Precision Group, Inc."
HLIT,HARMONIC INC.
NHP,"National Healthcare Properties, Inc."
USPH,U S PHYSICAL THERAPY INC /NV
CDNL,Cardinal Infrastructure Group Inc.
OPY,OPPENHEIMER HOLDINGS INC
PURR,Hyperliquid Strategies Inc
SFDMY,Shanghai Fudan Microelectronics Co Limit
AMPL,"Amplitude, Inc."
AMTB,Amerant Bancorp Inc.
TEN,TSAKOS ENERGY NAVIGATION LTD
JBIO,"Jade Biosciences, Inc."
VYX,NCR Voyix Corp
CNL,Collective Mining Ltd.
LNN,LINDSAY CORP
STDN,"Standard Nuclear, Inc."
CBRL,"CRACKER BARREL OLD COUNTRY STORE, INC"
CRAI,"CRA INTERNATIONAL, INC."
INBX,"Inhibrx Biosciences, Inc."
SCSC,"SCANSOURCE, INC."
LUXE,LuxExperience B.V.
COLL,"COLLEGIUM PHARMACEUTICAL, INC"
GHM,GRAHAM CORP
RES,RPC INC
TE,T1 Energy Inc.
SENEA,Seneca Foods Corp
FINV,FinVolution Group
MBC,"MasterBrand, Inc."
GOLD,"Gold.com, Inc."
GPRE,Green Plains Inc.
IMTX,Immatics N.V.
VRTS,"VIRTUS INVESTMENT PARTNERS, INC."
POET,POET TECHNOLOGIES INC.
TBN,Tamboran Resources Corp
NBXG,Neuberger Next Generation Connectivity F
AGBK,AGI Inc
AVO,"Mission Produce, Inc."
CRF,CORNERSTONE TOTAL RETURN FUND INC
CLBK,"Columbia Financial, Inc./MD/"
SDGR,"Schrodinger, Inc."
CRSR,"Corsair Gaming, Inc."
QDEL,QuidelOrtho Corp
MCB,Metropolitan Bank Holding Corp.
WVE,Wave Life Sciences Ltd.
STAA,STAAR SURGICAL CO
ARHS,"Arhaus, Inc."
FRNM,"Freenome, Inc."
NBR,NABORS INDUSTRIES LTD
TRUP,"TRUPANION, INC."
EOS,Eaton Vance Enhanced Equity Income Fund 
PSEC,PROSPECT CAPITAL CORP
WOLF,"WOLFSPEED, INC."
JBGS,JBG SMITH Properties
VZLA,Vizsla Silver Corp.
RCAT,"Red Cat Holdings, Inc."
IAUX,i-80 Gold Corp.
CVLG,"COVENANT LOGISTICS GROUP, INC."
TYG,TORTOISE ENERGY INFRASTRUCTURE CORP
CRVS,"Corvus Pharmaceuticals, Inc."
XIFR,"XPLR Infrastructure, LP"
NPKI,NPK International Inc.
SVC,Service Properties Trust
MGTX,MeiraGTx Holdings plc
CCB,COASTAL FINANCIAL CORP
ESQ,"Esquire Financial Holdings, Inc."
AOD,abrdn Total Dynamic Dividend Fund
GNK,GENCO SHIPPING & TRADING LTD
CFFN,"Capitol Federal Financial, Inc."
ITRN,Ituran Location & Control Ltd.
MSEX,MIDDLESEX WATER CO
RHLD,"Resolute Holdings Management, Inc."
SVRA,Savara Inc
CGEM,"Cullinan Therapeutics, Inc."
FPF,First Trust Intermediate Duration Prefer
IVA,Inventiva S.A.
TTI,TETRA TECHNOLOGIES INC
MALG,MICROALLIANCE GROUP INC.
SBR,SABINE ROYALTY TRUST
PXED,"Phoenix Education Partners, Inc."
CRTO,Criteo S.A.
HBNC,HORIZON BANCORP INC /IN/
ABR,ARBOR REALTY TRUST INC
WLDN,"Willdan Group, Inc."
CRON,Cronos Group Inc.
CIM,CHIMERA INVESTMENT CORP
PCRX,"Pacira BioSciences, Inc."
SGML,Sigma Lithium Corp
SPTX,"Seaport Therapeutics, Inc."
OCSL,Oaktree Specialty Lending Corp
BOW,Bowhead Specialty Holdings Inc.
HTLD,HEARTLAND EXPRESS INC
EVV,Eaton Vance Ltd Duration Income Fund
HEPS,D-MARKET Electronic Services & Trading
LMRI,"Lumexa Imaging Holdings, Inc."
VOR,Vor Biopharma Inc.
ALVO,Alvotech
AEBI,Aebi Schmidt Holding AG
CCNE,CNB FINANCIAL CORP/PA
EQBK,EQUITY BANCSHARES INC
GRPN,"Groupon, Inc."
AMRC,"Ameresco, Inc."
GDRX,"GoodRx Holdings, Inc."
MBWM,MERCANTILE BANK CORP
DRTS,Alpha Tau Medical Ltd.
KFRC,KFORCE INC
BFST,"Business First Bancshares, Inc."
PTA,Cohen & Steers Tax-Advantaged Preferred 
PLOW,"DOUGLAS DYNAMICS, INC"
SIFY,SIFY TECHNOLOGIES LTD
CPAC,CEMENTOS PACASMAYO SAA
APPS,"Digital Turbine, Inc."
YKCLY,Yamato Kogyo Co. Ltd/ADR
NMAX,Newsmax Inc.
CPPKF,Faraday Copper Corp.
BBSI,BARRETT BUSINESS SERVICES INC
PZZA,PAPA JOHNS INTERNATIONAL INC
CPF,CENTRAL PACIFIC FINANCIAL CORP
SECZ,Securitize Corp.
MCBS,"MetroCity Bankshares, Inc."
TUYA,Tuya Inc.
LXRX,"LEXICON PHARMACEUTICALS, INC."
PRCT,PROCEPT BioRobotics Corp
AVTX,"Avalo Therapeutics, Inc."
FSBC,FIVE STAR BANCORP
ETW,Eaton Vance Tax-Managed Global Buy-Write
MUX,McEwen Inc.
BRUN,Boost Run Inc.
NUTX,Nutex Health Inc.
EMO,ClearBridge Energy Midstream Opportunity
ACEL,"Accel Entertainment, Inc."
SBGI,"Sinclair, Inc."
PDS,PRECISION DRILLING Corp
UTL,UNITIL CORP
RIOFF,Rio2 Ltd
LBRX,LB PHARMACEUTICALS INC
EVLV,"Evolv Technologies Holdings, Inc."
EYPT,"EyePoint, Inc."
NBBK,"NB Bancorp, Inc."
ABX,"Abacus Global Management, Inc."
CSR,CENTERSPACE
OLMA,"Olema Pharmaceuticals, Inc."
CHY,CALAMOS CONVERTIBLE & HIGH INCOME FUND
MUC,BLACKROCK MUNIHOLDINGS CALIFORNIA QUALIT
GSBD,"Goldman Sachs BDC, Inc."
RNP,COHEN & STEERS REIT & PREFERRED & INCOME
JBSS,SANFILIPPO JOHN B & SON INC
FSCO,FS Credit Opportunities Corp.
ASST,"Strive, Inc."
CHI,CALAMOS CONVERTIBLE OPPORTUNITIES & INCO
EVC,ENTRAVISION COMMUNICATIONS CORP
TRST,TRUSTCO BANK CORP N Y
TROX,Tronox Holdings plc
AIIR,AIR Global PLC
LAC,LITHIUM AMERICAS CORP.
CII,"BlackRock Enhanced Large Cap Core Fund, "
CAC,CAMDEN NATIONAL CORP
TK,TEEKAY CORP LTD
MPB,MID PENN BANCORP INC
ELE,Elemental Royalty Corp
CRCT,"Cricut, Inc."
RPC,"Ridgepost Capital, Inc."
BBN,BlackRock Taxable Municipal Bond Trust
SBSI,SOUTHSIDE BANCSHARES INC
SMPL,Simply Good Foods Co
KOP,Koppers Holdings Inc.
BMEZ,BlackRock Health Sciences Term Trust
BIOA,"BioAge Labs, Inc."
EVER,"EverQuote, Inc."
LUCK,Lucky Strike Entertainment Corp
GTM,ZoomInfo Technologies Inc.
ALIT,"Alight, Inc. / Delaware"
ASM,AVINO SILVER & GOLD MINES LTD
AEVA,"Aeva Technologies, Inc."
DAKT,DAKTRONICS INC /SD/
RXT,"Rackspace Technology, Inc."
FMCB,FARMERS & MERCHANTS BANCORP
THFF,FIRST FINANCIAL CORP /IN/
ROOT,"Root, Inc."
BUR,Burford Capital Ltd
VMET,Versamet Royalties Corp
RERE,ATRenew Inc.
HAFC,HANMI FINANCIAL CORP
GLIBA,Liberty Capital Corp/NV
ELVR,Elevra Lithium Ltd
BAK,BRASKEM SA
SANA,"Sana Biotechnology, Inc."
FMNB,FARMERS NATIONAL BANC CORP /OH/
EFOR,Everforth Inc
MFA,"MFA FINANCIAL, INC."
ASA,ASA Gold & Precious Metals Ltd
SWRD,"Stewards, Inc."
LTGHY,Life Healthcare Group Holdings Limited/A
GERN,GERON CORP
ANRO,"Alto Neuroscience, Inc."
PDX,PIMCO Dynamic Income Strategy Fund
RDVT,"Red Violet, Inc."
BTZ,BLACKROCK CREDIT ALLOCATION INCOME TRUST
PHAT,"Phathom Pharmaceuticals, Inc."
SYNSY,Syensqo SA/ADR
MSSHY,Mitsui-Soko Holdings Co Limited/ADR
QNST,"QUINSTREET, INC"
GO,Grocery Outlet Holding Corp.
UMAC,"Unusual Machines, Inc."
HTD,JOHN HANCOCK TAX-ADVANTAGED DIVIDEND INC
EIG,"Employers Holdings, Inc."
APEI,AMERICAN PUBLIC EDUCATION INC
RZLV,REZOLVE AI PLC
LAR,Lithium Argentina AG
FCBC,FIRST COMMUNITY BANKSHARES INC /VA/
WGO,WINNEBAGO INDUSTRIES INC
KBDC,"Kayne Anderson BDC, Inc."
BZH,BEAZER HOMES USA INC
CSIQ,Canadian Solar Inc.
BTX,BlackRock Technology & Private Equity Te
ARKO,ARKO Corp.
JANX,"Janux Therapeutics, Inc."
SMBK,SMARTFINANCIAL INC.
CCBG,CAPITAL CITY BANK GROUP INC
NRK,NUVEEN NEW YORK AMT-FREE QUALITY MUNICIP
ADSE,Ads-Tec Energy Public Ltd Co
VLRS,"Controladora Vuela Compania de Aviacion,"
GOOS,Canada Goose Holdings Inc.
CEVA,CEVA INC
SMP,"STANDARD MOTOR PRODUCTS, INC."
NXP,NUVEEN SELECT TAX FREE INCOME PORTFOLIO
BKSY,BlackSky Technology Inc.
PSTL,"Postal Realty Trust, Inc."
HRTG,"Heritage Insurance Holdings, Inc."
PHAR,Pharming Group N.V.
SUPV,Grupo Supervielle S.A.
MATW,MATTHEWS INTERNATIONAL CORP
ODTX,"Odyssey Therapeutics, Inc."
BCX,BlackRock Resources & Commodities Strate
NX,Quanex Building Products CORP
NPK,NATIONAL PRESTO INDUSTRIES INC
INMD,InMode Ltd.
NXDR,"Nextdoor Holdings, Inc."
BBDC,"Barings BDC, Inc."
WYFI,"WhiteFiber, Inc."
ARI,"Apollo Commercial Real Estate Finance, I"
AMPH,"Amphastar Pharmaceuticals, Inc."
BVS,Bioventus Inc.
MTUS,Metallus Inc.
GSBC,"GREAT SOUTHERN BANCORP, INC."
NANO,ATII Holdings Inc.
GLAS,Glass House Brands Inc.
TALMF,Fuerte Metals Corp
TBPH,"Theravance Biopharma, Inc."
AOSL,ALPHA & OMEGA SEMICONDUCTOR Ltd
LWLG,"Lightwave Logic, Inc."
TALK,"Talkspace, Inc."
AWF,ALLIANCEBERNSTEIN GLOBAL HIGH INCOME FUN
DEC,Diversified Energy Co
APOG,"APOGEE ENTERPRISES, INC."
PCN,PIMCO CORPORATE & INCOME STRATEGY FUND
ABUS,Arbutus Biopharma Corp
MOMO,Hello Group Inc.
EGBN,EAGLE BANCORP INC
LYTS,LSI INDUSTRIES INC
SMBC,"SOUTHERN MISSOURI BANCORP, INC."
HSLV,Highlander Silver Corp.
WRLD,WORLD ACCEPTANCE CORP
PHK,PIMCO HIGH INCOME FUND
AIO,Virtus Artificial Intelligence & Technol
HTB,"HomeTrust Bancshares, Inc."
ORRF,ORRSTOWN FINANCIAL SERVICES INC
PMT,PennyMac Mortgage Investment Trust
TIGR,UP Fintech Holding Ltd
LMB,"Limbach Holdings, Inc."
RJET,REPUBLIC AIRWAYS HOLDINGS INC.
OXLC,Oxford Lane Capital Corp.
FTK,FLOTEK INDUSTRIES INC/CN/
ENVX,Enovix Corp
SPFI,"SOUTH PLAINS FINANCIAL, INC."
FSSL,FS Specialty Lending Fund
MOV,MOVADO GROUP INC
NABL,"N-able, Inc."
ALRS,ALERUS FINANCIAL CORP
HSTM,HEALTHSTREAM INC
NNE,Nano Nuclear Energy Inc.
CAPL,CrossAmerica Partners LP
CRML,Critical Metals Corp.
EVEX,"Eve Holding, Inc."
NEWP,NEW PACIFIC METALS CORP
PGC,PEAPACK GLADSTONE FINANCIAL CORP
MAMA,"Mama's Creations, Inc."
BCSF,"Bain Capital Specialty Finance, Inc."
AVEX,AEVEX Corp.
KURA,"Kura Oncology, Inc."
LXU,"LSB INDUSTRIES, INC."
HPK,"HighPeak Energy, Inc."
FISI,FINANCIAL INSTITUTIONS INC
KRT,Karat Packaging Inc.
BTO,JOHN HANCOCK FINANCIAL OPPORTUNITIES FUN
NAVI,NAVIENT CORP
CAZGF,Catapult Group International Ltd
SKYH,Sky Harbour Group Corp
SHBI,SHORE BANCSHARES INC
STK,Columbia Seligman Premium Technology Gro
CCXI,Churchill Capital Corp XI
YALA,Yalla Group Ltd
DJCO,DAILY JOURNAL CORP
NAK,NORTHERN DYNASTY MINERALS LTD
FPH,"Five Point Holdings, LLC"
ANNX,"Annexon, Inc."
MQY,"BLACKROCK MUNIYIELD QUALITY FUND, INC."
DQ,DAQO NEW ENERGY CORP.
GILT,GILAT SATELLITE NETWORKS LTD
MFIC,MidCap Financial Investment Corp
ANL,Adlai Nortye Ltd.
TRNS,TRANSCAT INC
NIKA,"NIKA PHARMACEUTICALS, INC"
EOI,Eaton Vance Enhanced Equity Income Fund
FOXF,FOX FACTORY HOLDING CORP
PD,"PagerDuty, Inc."
WEST,Westrock Coffee Co
WOOF,"Petco Health & Wellness Company, Inc."
BLDP,Ballard Power Systems Inc.
IPX,IPERIONX Ltd
CRESY,CRESUD INC
HOV,HOVNANIAN ENTERPRISES INC
KODK,EASTMAN KODAK CO
AVR,Anteris Technologies Global Corp.
SOC,Sable Offshore Corp.
HDL,SUPER HI INTERNATIONAL HOLDING LTD.
DBVT,DBV Technologies S.A.
IBCP,INDEPENDENT BANK CORP /MI/
FWRG,"First Watch Restaurant Group, Inc."
KDK,"Kodiak AI, Inc."
MEGI,NYLI CBRE Global Infrastructure Megatren
SIBN,"SI-BONE, Inc."
OMER,OMEROS CORP
HBIA,HILLS BANCORPORATION
ODD,Oddity Tech Ltd
ARRY,"Array Technologies, Inc."
ADAM,"ADAMAS TRUST, INC."
THQ,abrdn Healthcare Opportunities Fund
SSII,"SS Innovations International, Inc."
SXC,"SunCoke Energy, Inc."
NLST,NETLIST INC
HPP,"Hudson Pacific Properties, Inc."
KRNGY,Karoon Gas Australia Ltd /ADR/
CODI,Compass Diversified Holdings
HZO,MARINEMAX INC
JKS,"JinkoSolar Holding Co., Ltd."
HIPO,Hippo Holdings Inc.
WLKP,Westlake Chemical Partners LP
FFC,Flaherty & Crumrine PREFERRED & INCOME S
SLDB,Solid Biosciences Inc.
SCHL,SCHOLASTIC CORP
IVR,Invesco Mortgage Capital Inc.
GFR,Greenfire Resources Ltd.
CYRX,"Cryoport, Inc."
UAMY,UNITED STATES ANTIMONY CORP
MCS,MARCUS CORP
ANGX,"Angel Studios, Inc."
MITK,MITEK SYSTEMS INC
CARE,"Carter Bankshares, Inc."
SB,"SAFE BULKERS, INC."
AAC,Ares Acquisition Corp III
FDUS,FIDUS INVESTMENT Corp
GGN,"GAMCO Global Gold, Natural Resources & I"
SG,"Sweetgreen, Inc."
GCMG,GCM Grosvenor Inc.
NGVC,"Natural Grocers by Vitamin Cottage, Inc."
GDOT,GREEN DOT CORP
INN,"Summit Hotel Properties, Inc."
WASH,WASHINGTON TRUST BANCORP INC
FTH,"Faeth Therapeutics, Inc."
HIVE,HIVE Digital Technologies Ltd.
DSP,Viant Technology Inc.
TRON,Tron Inc.
CTO,"CTO Realty Growth, Inc."
MAX,"MediaAlpha, Inc."
ASGI,abrdn Global Infrastructure Income Fund
VTEX,VTEX
TDUP,ThredUp Inc.
PKE,PARK AEROSPACE CORP
DSGN,"Design Therapeutics, Inc."
SABR,Sabre Corp
CSTL,CASTLE BIOSCIENCES INC
ACRS,"Aclaris Therapeutics, Inc."
BLMN,"Bloomin' Brands, Inc."
ONT,"Onterris, Inc."
JBI,"Janus International Group, Inc."
MNPR,Monopar Therapeutics
JMIA,Jumia Technologies AG
RMT,"ROYCE MICRO-CAP TRUST, INC."
BUI,"BlackRock Utilities, Infrastructure & Po"
AURA,"Aura Biosciences, Inc."
RSVR,"Reservoir Media, Inc."
PEO,"ADAMS NATURAL RESOURCES FUND, INC."
ADTN,"ADTRAN Holdings, Inc."
KRO,KRONOS WORLDWIDE INC
IGR,CBRE GLOBAL REAL ESTATE INCOME FUND
CASS,CASS INFORMATION SYSTEMS INC
PFIS,PEOPLES FINANCIAL SERVICES CORP.
RSKD,RISKIFIED LTD.
PAR,PAR TECHNOLOGY CORP
BALY,Bally's Corp
REPX,"Riley Exploration Permian, Inc."
CGBD,"Carlyle Secured Lending, Inc."
NIE,Virtus Equity & Convertible Income Fund
MYI,"BLACKROCK MUNIYIELD QUALITY FUND III, IN"
CADL,"Candel Therapeutics, Inc."
HSHP,Himalaya Shipping Ltd.
TCBX,"Third Coast Bancshares, Inc."
CLYM,"Climb Bio, Inc."
DGICA,DONEGAL GROUP INC
MNTN,"MNTN, Inc."
SGP,"SpyGlass Pharma, Inc."
SLRC,SLR Investment Corp.
BLZE,"Backblaze, Inc."
BBNX,"Beta Bionics, Inc."
CARS,Cars.com Inc.
TXO,"TXO Partners, L.P."
RA,Brookfield Real Assets Income Fund Inc.
MSBI,"Midland States Bancorp, Inc."
VEL,"Velocity Financial, Inc."
PFLT,PennantPark Floating Rate Capital Ltd.
CCD,Calamos Dynamic Convertible & Income Fun
RIGL,RIGEL PHARMACEUTICALS INC
KRNT,Kornit Digital Ltd.
JQC,Nuveen Credit Strategies Income Fund
MEC,"Mayville Engineering Company, Inc."
GFUZ,General Fusion Group Ltd.
GMRS,GMR Solutions Inc.
DRUG,BRIGHT MINDS BIOSCIENCES INC.
CWBC,Community West Bancshares
TBLD,Thornburg Income Builder Opportunities T
EVO,Evotec SE
AHRT,"AH Realty Trust, Inc."
TCGLF,TechCreate Group Ltd.
BIT,BlackRock Multi-Sector Income Trust
PFN,PIMCO Income Strategy Fund II
PRAA,PRA GROUP INC
RBTK,ZHEN DING RESOURCES INC.
CTMX,"CytomX Therapeutics, Inc."
BCAL,California BanCorp \ CA
HNRG,HALLADOR ENERGY CO
OGG,Osisko Gold Group Inc.
SSYS,STRATASYS LTD.
MTA,Metalla Royalty & Streaming Ltd.
ENRD,Einride AB
TIPT,TIPTREE INC.
ACDC,ProFrac Holding Corp.
BRSP,"BrightSpire Capital, Inc."
CCSI,"Consensus Cloud Solutions, Inc."
CBLL,"Ceribell, Inc."
ABTC,American Bitcoin Corp.
BBOT,"BridgeBio Oncology Therapeutics, Inc."
RVI,Robinhood Ventures Fund I
HELE,HELEN OF TROY LTD
DXYZ,Destiny Tech100 Inc.
WDI,Western Asset Diversified Income Fund (W
CLDT,Chatham Lodging Trust
INDI,"indie Semiconductor, Inc."
DLY,DoubleLine Yield Opportunities Fund
PHR,"Phreesia, Inc."
SWIM,"Latham Group, Inc."
ASC,Ardmore Shipping Corp
NTGR,"NETGEAR, INC."
RRBI,RED RIVER BANCSHARES INC
NMFC,New Mountain Finance Corp
RPD,"Rapid7, Inc."
CNNE,"Cannae Holdings, Inc."
SHEN,SHENANDOAH TELECOMMUNICATIONS CO/VA/
BHB,BAR HARBOR BANKSHARES
SVMB,"Jingbo Technology, Inc."
AROW,ARROW FINANCIAL CORP
LDI,"loanDepot, Inc."
NGNE,Neurogene Inc.
AGNT,"AGNT, Inc."
ALPIB,ALPINE BANKS OF COLORADO
ACNB,ACNB CORP
BOE,BlackRock Enhanced Global Dividend Trust
TRTX,"TPG RE Finance Trust, Inc."
FEIM,FREQUENCY ELECTRONICS INC
PINWF,Pinewood Technologies Group plc
BOT,"RoboStrategy, Inc."
MDXG,"MIMEDX GROUP, INC."
PAXS,PIMCO Access Income Fund
OCS,Oculis Holding AG
SWBI,"SMITH & WESSON BRANDS, INC."
GYRE,"GYRE THERAPEUTICS, INC."
CGNT,Cognyte Software Ltd.
OFRM,"Once Upon a Farm, PBC"
VMO,Invesco Municipal Opportunity Trust
NKX,NUVEEN CALIFORNIA AMT-FREE QUALITY MUNIC
VLGEA,VILLAGE SUPER MARKET INC
GAIN,GLADSTONE INVESTMENT CORPORATION\DE
OIO,OIO Group
BHK,BLACKROCK CORE BOND TRUST
IBTA,"Ibotta, Inc."
LEGH,Legacy Housing Corp
STTK,"Shattuck Labs, Inc."
DMII,Drugs Made In America Acquisition II Cor
BWMX,"BETTERWARE DE MEXICO, S.A.P.I. DE C.V"
MUJ,BLACKROCK MUNIHOLDINGS NEW JERSEY QUALIT
CSV,CARRIAGE SERVICES INC
IMSR,Terrestrial Energy Inc. /DE/
VINP,Vinci Compass Investments Ltd.
KOPN,KOPIN CORP
ABXXF,Abaxx Technologies Inc.
VRRM,VERRA MOBILITY Corp
CCOI,"COGENT COMMUNICATIONS HOLDINGS, INC."
PSIX,"POWER SOLUTIONS INTERNATIONAL, INC."
PDT,JOHN HANCOCK PREMIUM DIVIDEND FUND
GOOD,GLADSTONE COMMERCIAL CORP
MAKO,Mako Mining Corp.
ACHV,"ACHIEVE LIFE SCIENCES, INC."
METC,"Ramaco Resources, Inc."
IRWD,IRONWOOD PHARMACEUTICALS INC
VBNK,VersaBank
ACP,abrdn Income Credit Strategies Fund
UHT,UNIVERSAL HEALTH REALTY INCOME TRUST
VTS,"Vitesse Energy, Inc."
SMWB,SIMILARWEB LTD.
NRDS,"NERDWALLET, INC."
TCMD,TACTILE SYSTEMS TECHNOLOGY INC
OBE,OBSIDIAN ENERGY LTD.
IIIN,INSTEEL INDUSTRIES INC
LPTH,LIGHTPATH TECHNOLOGIES INC
DC,Dakota Gold Corp.
CBNK,Capital Bancorp Inc
FVR,"FrontView REIT, Inc."
OXM,OXFORD INDUSTRIES INC
NCDL,Nuveen Churchill Direct Lending Corp.
HYLN,Hyliion Holdings Corp.
BWAY,Brainsway Ltd.
NVRI,Enviri Corp
AGMB,Agomab Therapeutics NV
HY,"HYSTER-YALE, INC."
KLC,"KinderCare Learning Companies, Inc."
GSM,Ferroglobe PLC
NVCT,"Nuvectis Pharma, Inc."
EMD,WESTERN ASSET EMERGING MARKETS DEBT FUND
YB,Yuanbao Inc.
CIVB,"CIVISTA BANCSHARES, INC."
RGR,STURM RUGER & CO INC
MCFT,"MasterCraft Boat Holdings, Inc."
PUBM,"PubMatic, Inc."
ILPT,Industrial Logistics Properties Trust
KRNY,Kearny Financial Corp.
CBIO,"CRESCENT BIOPHARMA, INC."
NDMO,Nuveen Dynamic Municipal Opportunities F
RGNX,REGENXBIO Inc.
ISOU,IsoEnergy Ltd.
OOMA,OOMA INC
ETD,ETHAN ALLEN INTERIORS INC
FET,"FORUM ENERGY TECHNOLOGIES, INC."
FBRT,"Franklin BSP Realty Trust, Inc."
FFMGF,First Mining Gold Corp.
IIIV,"i3 Verticals, Inc."
MHD,"BLACKROCK MUNIHOLDINGS FUND, INC."
NRIM,NORTHRIM BANCORP INC
LDP,Cohen & Steers Ltd Duration Preferred & 
NPB,NORTHPOINTE BANCSHARES INC
GRNT,"Granite Ridge Resources, Inc."
GROY,Gold Royalty Corp.
HQ,Horizon Quantum Holdings Ltd.
EVAC,EQV Ventures Acquisition Corp. II
BCSS,Bain Capital GSS Investment Corp.
IMMX,"Immix Biopharma, Inc."
UNTY,UNITY BANCORP INC /NJ/
CXII,Churchill Capital Corp XII
VITL,"Vital Farms, Inc."
GPRK,GeoPark Ltd
CEPF,"Cantor Equity Partners IV, Inc."
XRN,Chiron Real Estate Inc.
FAX,"ABRDN ASIA-PACIFIC INCOME FUND, INC."
SFST,SOUTHERN FIRST BANCSHARES INC
KE,"Kimball Electronics, Inc."
WHK,WhiteHawk Minerals Corp.
AXG,"Solowin Holdings, Ltd."
RWT,REDWOOD TRUST INC
AMRQF,AMAROQ LTD.
NOAH,NOAH HOLDINGS LTD
BWB,Bridgewater Bancshares Inc
DSU,"BLACKROCK DEBT STRATEGIES FUND, INC."
ANGO,ANGIODYNAMICS INC
FISN,"DEEP FISSION, INC."
NEXN,Nexxen International Ltd.
IIM,Invesco Value Municipal Income Trust
SCZM,Santacruz Silver Mining Ltd.
RYAM,RAYONIER ADVANCED MATERIALS INC.
MLR,MILLER INDUSTRIES INC /TN/
HQL,abrdn Life Sciences Investors
CERS,CERUS CORP
GLRE,"GREENLIGHT CAPITAL RE, LTD."
NMCO,Nuveen Municipal Credit Opportunities Fu
KRUS,"KURA SUSHI USA, INC."
NB,NIOCORP DEVELOPMENTS LTD
DDI,"DoubleDown Interactive Co., Ltd."
FBIZ,"FIRST BUSINESS FINANCIAL SERVICES, INC."
GCBC,GREENE COUNTY BANCORP INC
ROMA,Roma Green Finance Ltd
AMSF,AMERISAFE INC
CTKB,"Cytek Biosciences, Inc."
OSPN,OneSpan Inc.
CRMD,CorMedix Inc.
HTZ,"HERTZ GLOBAL HOLDINGS, INC"
GUT,GABELLI UTILITY TRUST
TREE,"LendingTree, Inc."
NML,Neuberger Energy Infrastructure & Income
LOT,Lotus Technology Inc.
TASK,"TaskUs, Inc."
YEXT,"Yext, Inc."
ALT,"Altimmune, Inc."
BTGO,"BITGO HOLDINGS, INC."
SPRY,"ARS Pharmaceuticals, Inc."
SPPP,SPROTT PHYSICAL PLATINUM & PALLADIUM TRU
CTRN,Citi Trends Inc
ZVRA,"ZEVRA THERAPEUTICS, INC."
DNUT,"Krispy Kreme, Inc."
BME,BlackRock Health Sciences Trust
HBCP,"HOME BANCORP, INC."
PKOH,PARK OHIO HOLDINGS CORP
MBUU,"MALIBU BOATS, INC."
FLGT,"Fulgent Genetics, Inc."
NKLR,Terra Innovatum Global N.V.
NVEC,NVE CORP /NEW/
PRTH,"Priority Technology Holdings, Inc."
TECX,"Tectonic Therapeutic, Inc."
KELYA,KELLY SERVICES INC
ETJ,Eaton Vance Risk-Managed Diversified Equ
SFIX,"Stitch Fix, Inc."
HUYA,HUYA Inc.
ALLO,"Allogene Therapeutics, Inc."
AEXA,American Exceptionalism Acquisition Corp
DBCA,D. Boral Acquisition I Corp.
MLAB,MESA LABORATORIES INC /CO/
OLP,ONE LIBERTY PROPERTIES INC
EBF,"ENNIS, INC."
ALTI,"AlTi Global, Inc."
PRME,"Prime Medicine, Inc."
BMM,Blue Moon Metals Inc.
VGM,Invesco Trust for Investment Grade Munic
ASIX,AdvanSix Inc.
MMU,WESTERN ASSET MANAGED MUNICIPALS FUND IN
WEAV,"Weave Communications, Inc."
PACK,Ranpak Holdings Corp.
ITIC,INVESTORS TITLE CO
TATT,TAT TECHNOLOGIES LTD
EGY,VAALCO ENERGY INC /DE/
CSHR,CoinShares PLC
CHCT,Community Healthcare Trust Inc
ELA,Envela Corp
VSTM,"Verastem, Inc."
VKQ,Invesco Municipal Trust
GEMI,"Gemini Space Station, Inc."
THW,abrdn World Healthcare Fund
WNC,WABASH NATIONAL Corp
GOGO,Gogo Inc.
AVK,ADVENT CONVERTIBLE & INCOME FUND
BSRR,SIERRA BANCORP
RLMD,"RELMADA THERAPEUTICS, INC."
MNRO,"MONRO, INC."
IHRT,"iHeartMedia, Inc."
NFGC,New Found Gold Corp.
RMAX,"RE/MAX Holdings, Inc."
SLN,Silence Therapeutics plc
DCBO,Docebo Inc.
DPG,Duff & Phelps Utility & Infrastructure F
XMAX,XMax Inc.
ADV,Advantage Solutions Inc.
ESEA,EUROSEAS LTD.
BWFG,"Bankwell Financial Group, Inc."
CTGO,Contango Silver & Gold Inc.
CHW,Calamos Global Dynamic Income Fund
IQI,Invesco Quality Municipal Income Trust
SPT,"Sprout Social, Inc."
TWI,TITAN INTERNATIONAL INC
ACIC,AMERICAN COASTAL INSURANCE Corp
FBYD,"Falcon's Beyond Global, Inc."
BDN,BRANDYWINE REALTY TRUST
DDL,Dingdong (Cayman) Ltd
CTNM,"Contineum Therapeutics, Inc."
ARVN,"ARVINAS, INC."
CPS,Cooper-Standard Holdings Inc.
NPCE,NeuroPace Inc
MPLT,"MapLight Therapeutics, Inc."
OBT,"Orange County Bancorp, Inc. /DE/"
CLMB,"Climb Global Solutions, Inc."
HKHC,Horizon Kinetics Holding Corp
MTW,MANITOWOC CO INC
AIOT,"Powerfleet, Inc."
ZURA,Zura Bio Ltd
LAES,SEALSQ Corp
YORW,YORK WATER CO
THSGF,THESIS GOLD INC.
MSIF,"MSC INCOME FUND, INC."
GDYN,"GRID DYNAMICS HOLDINGS, INC."
VCV,Invesco California Value Municipal Incom
MUA,"BLACKROCK MUNIASSETS FUND, INC."
COFS,CHOICEONE FINANCIAL SERVICES INC
MEI,METHODE ELECTRONICS INC
VALN,Valneva SE
BBCP,"Concrete Pumping Holdings, Inc."
SATL,Satellogic Inc.
PWRL,Powerlaw Corp.
BGY,BlackRock Enhanced International Dividen
NRC,NRC HEALTH
GCGR,General Catalyst Global Resilience Merge
FDMT,"4D Molecular Therapeutics, Inc."
PAYS,"Paysign, Inc."
TMQ,Trilogy Metals Inc.
EIKN,"Eikon Therapeutics, Inc."
KIDS,ORTHOPEDIATRICS CORP
ASMB,"ASSEMBLY BIOSCIENCES, INC."
EROK,"EagleRock Land, LLC"
IGD,Voya GLOBAL EQUITY DIVIDEND & PREMIUM OP
AIIO,ROBO.AI INC.
WIW,WESTERN ASSET INFLATION-LINKED OPPORTUNI
GUG,Guggenheim Active Allocation Fund
NWAX,New America Acquisition I Corp.
ALOY,REALLOYS INC.
MCTA,Charming Medical Ltd
HKD,AMTD Digital Inc.
THM,INTERNATIONAL TOWER HILL MINES LTD
FTHY,FIRST TRUST HIGH YIELD OPPORTUNITIES 202
JOUT,JOHNSON OUTDOORS INC
LOCO,"El Pollo Loco Holdings, Inc."
ARTV,"Artiva Biotherapeutics, Inc."
FCCN,SPECTRAL CAPITAL Corp
EVGO,EVgo Inc.
DNA,"Ginkgo Bioworks Holdings, Inc."
MYGN,MYRIAD GENETICS INC
BGB,Blackstone Strategic Credit 2027 Term Fu
MAGN,Magnera Corp
ECC,Eagle Point Credit Co
MEVO,M Evo Global Acquisition Corp II
IFN,"ABERDEEN INDIA FUND, INC."
CLB,Core Laboratories Inc. /DE/
ETO,Eaton Vance Tax-Advantaged Global Divide
PDLB,"Ponce Financial Group, Inc."
BBBY,"BED BATH & BEYOND, INC."
TLRY,"Tilray Brands, Inc."
SLI,STANDARD LITHIUM LTD.
OFIX,Orthofix Medical Inc.
EIM,Eaton Vance Municipal Bond Fund
EACO,EACO CORP
SD,SANDRIDGE ENERGY INC
PANL,Pangaea Logistics Solutions Ltd.
NRGV,"Energy Vault Holdings, Inc."
BLW,BLACKROCK Ltd DURATION INCOME TRUST
TOI,"Oncology Institute, Inc."
BTQ,BTQ Technologies Corp.
MG,"Mistras Group, Inc."
FAC,Factorial Energy Inc.
CWCO,Consolidated Water Co. Ltd.
PML,PIMCO MUNICIPAL INCOME FUND II
IBEX,IBEX Ltd
ZNOG,ZION OIL & GAS INC
WTBA,WEST BANCORPORATION INC
KRSP,Rice Acquisition Corp 3
ORN,Orion Group Holdings Inc
OIS,"OIL STATES INTERNATIONAL, INC"
BSVN,Bank7 Corp.
GHY,"PGIM Global High Yield Fund, Inc."
MRRDF,Meridian Mining UK Societas
SI,"SHOULDER INNOVATIONS, INC."
RHNO,RHINO BITCOIN INC.
CBK,"Commercial Bancgroup, Inc."
ASPI,ASP Isotopes Inc.
URG,UR-ENERGY INC
GIW,GigCapital8 Corp.
WTI,W&T OFFSHORE INC
MATV,"Mativ Holdings, Inc."
ANSC,Agriculture & Natural Solutions Acquisit
OWLS,OBOOK HOLDINGS INC.
CRAN,Crane Harbor Acquisition Corp. II
AMFN,"American Fusion, Inc."
KREF,KKR Real Estate Finance Trust Inc.
CMCO,COLUMBUS MCKINNON CORP
LWAY,"Lifeway Foods, Inc."
GTEN,"Gores Holdings X, Inc. / CI"
VREX,Varex Imaging Corp
FMAO,FARMERS & MERCHANTS BANCORP INC
FWRD,FORWARD AIR CORP
RZLT,"Rezolute, Inc."
TRC,TEJON RANCH CO
BMRC,Bank of Marin Bancorp
VREOF,Vireo Growth Inc.
SLDP,"Solid Power, Inc."
ZKH,ZKH Group Ltd
CBAN,COLONY BANKCORP INC
SOPH,SOPHiA GENETICS SA
TWN,TAIWAN FUND INC
HELP,CYBIN INC.
FIP,FTAI Infrastructure Inc.
PSFE,Paysafe Ltd
PBAM,"Private Bancorp of America, Inc."
APXT,Apex Treasury Corp
IPI,"Intrepid Potash, Inc."
AQST,"Aquestive Therapeutics, Inc."
BWMN,Bowman Consulting Group Ltd.
NGS,NATURAL GAS SERVICES GROUP INC
BMBL,Bumble Inc.
NMAI,Nuveen Multi-Asset Income Fund
PROK,PROKIDNEY CORP.
VMD,"VIEMED HEALTHCARE, INC."
WRN,Western Copper & Gold Corp
QTTB,Q32 Bio Inc.
BXC,BlueLinx Holdings Inc.
ASTL,Algoma Steel Group Inc.
GAU,Galiano Gold Inc.
OTLY,Oatly Group AB
SEAH,"Seahawk Recycling Holdings, Inc."
FRPH,"FRP HOLDINGS, INC."
HPS,JOHN HANCOCK PREFERRED INCOME FUND III
LXFR,LUXFER HOLDINGS PLC
IDR,"Idaho Strategic Resources, Inc."
PBFS,"Pioneer Bancorp, Inc./MD"
TITN,Titan Machinery Inc.
RMNI,"Rimini Street, Inc."
CNCK,Coincheck Group N.V.
VVR,Invesco Senior Income Trust
QNC,Quantum eMotion Corp
ADUR,ADURO CLEAN TECHNOLOGIES INC.
DIN,"Dine Brands Global, Inc."
RBB,RBB Bancorp
BTBT,"Bit Digital, Inc"
BBW,BUILD-A-BEAR WORKSHOP INC
KYTX,"Kyverna Therapeutics, Inc."
KIO,KKR Income Opportunities Fund
GBFH,GBank Financial Holdings Inc.
CZNC,CITIZENS & NORTHERN CORP
ACTG,ACACIA RESEARCH CORP
ETB,Eaton Vance Tax-Managed Buy-Write Income
FFA,FIRST TRUST ENHANCED EQUITY INCOME FUND
AMCX,AMC Global Media Inc.
NBB,Nuveen Taxable Municipal Income Fund
CMDB,Costamare Bulkers Holdings Ltd
KBON,Karbon Capital Partners Corp.
FSTR,FOSTER L B CO
CAL,CALERES INC
IEAG,Infinite Eagle Acquisition Corp.
NUAI,"New ERA Energy & Digital, Inc."
SGMT,Sagimet Biosciences Inc.
PRTA,PROTHENA CORP PUBLIC LTD CO
CABA,"Cabaletta Bio, Inc."
BNED,"Barnes & Noble Education, Inc."
QMCO,QUANTUM CORP /DE/
NPFD,Nuveen Variable Rate Preferred & Income 
SRTA,"Strata Critical Medical, Inc."
BOC,BOSTON OMAHA Corp
LVWR,"LiveWire Group, Inc."
MBVI,M3-Brigade Acquisition VI Corp.
NMG,Nouveau Monde Graphite Inc.
GLAD,GLADSTONE CAPITAL CORP
PLBC,PLUMAS BANCORP
REPL,"Replimune Group, Inc."
QUAD,"Quad/Graphics, Inc."
STRZ,STARZ ENTERTAINMENT CORP /CN/
TLNC,Talon Capital Corp.
ERII,"Energy Recovery, Inc."
IACO,Idea Acquisition Corp.
SHOE,SHOE STATION GROUP INC
GCO,GENESCO INC
HPI,JOHN HANCOCK PREFERRED INCOME FUND
BLND,"Blend Labs, Inc."
MESH,Meshflow Acquisition Corp
SPIR,"Spire Global, Inc."
GRVY,"GRAVITY Co., Ltd."
KRAQ,KRAKacquisition Corp
PACB,"PACIFIC BIOSCIENCES OF CALIFORNIA, INC."
GTN,"GRAY MEDIA, INC"
LOGC,ContextLogic Holdings Inc.
CDRO,"Codere Online Luxembourg, S.A."
USNA,USANA HEALTH SCIENCES INC
ECX,ECARX Holdings Inc.
CLPT,"ClearPoint Neuro, Inc."
NEWT,"NewtekOne, Inc."
OVID,Ovid Therapeutics Inc.
FPI,Farmland Partners Inc.
DFP,Flaherty & Crumrine Dynamic Preferred & 
ELMT,Elmet Group Co.
HNST,"Honest Company, Inc."
CLNE,Clean Energy Fuels Corp.
PTOR,Praetorian Acquisition Corp.
CINT,CI&T Inc
NNNN,Anbio Biotechnology
EVN,Eaton Vance Municipal Income Trust
FVRR,Fiverr International Ltd.
SGU,"STAR GROUP, L.P."
ITRG,Integra Resources Corp.
CLFD,"Clearfield, Inc."
ISTR,Investar Holding Corp
FINS,Angel Oak Financial Strategies Income Te
AVBC,"Avidia Bancorp, Inc."
HVT,HAVERTY FURNITURE COMPANIES INC
EVMN,"Evommune, Inc."
SWMR,"Swarmer, Inc"
MFI,mF International Ltd
KFII,K&F GROWTH ACQUISITION CORP. II
WILC,G WILLI FOOD INTERNATIONAL LTD
ISD,"PGIM High Yield Bond Fund, Inc."
USCB,"USCB FINANCIAL HOLDINGS, INC."
BETR,Better Home & Finance Holding Co
WDH,Waterdrop Inc.
TENX,"TENAX THERAPEUTICS, INC."
TMS,Teamshares Inc
EVH,"Evolent Health, Inc."
CLBR,Colombier Acquisition Corp. III
GSKRF,FIRST NORDIC METALS CORP.
XRPN,Armada Acquisition Corp. II
DDD,3D SYSTEMS CORP
SMC,Summit Midstream Corp
HFRO,HIGHLAND OPPORTUNITIES & INCOME FUND
BNTC,Benitec Biopharma Inc.
NATH,"NATHANS FAMOUS, INC."
CCAP,"Crescent Capital BDC, Inc."
RLGT,"RADIANT LOGISTICS, INC"
BUUU,BUUU Group Ltd
OCGN,"Ocugen, Inc."
OPI,OFFICE PROPERTIES INCOME TRUST
SUJA,"SUJA LIFE, INC."
PKBK,"PARKE BANCORP, INC."
BGR,BlackRock Energy & Resources Trust
OEC,Orion S.A.
PBYI,"PUMA BIOTECHNOLOGY, INC."
PCB,PCB BANCORP
DCTH,"DELCATH SYSTEMS, INC."
CRAQ,Cal Redwood Acquisition Corp.
EOLS,"Evolus, Inc."
FNLC,"First Bancorp, Inc /ME/"
CGC,Canopy Growth Corp
SERV,Serve Robotics Inc. /DE/
MGPI,MGP INGREDIENTS INC
SOHU,Sohu.com Ltd
ACCO,ACCO BRANDS Corp
KMDA,KAMADA LTD
NPAC,New Providence Acquisition Corp. III/Cay
RTAC,Renatus Tactical Acquisition Corp I
GBLI,"Global Indemnity Group, LLC"
ELTP,ELITE PHARMACEUTICALS INC /NV/
CHMG,CHEMUNG FINANCIAL CORP
ULH,"UNIVERSAL LOGISTICS HOLDINGS, INC."
EDIT,"Editas Medicine, Inc."
FGOVF,FREEGOLD VENTURES LTD
CYH,COMMUNITY HEALTH SYSTEMS INC
PERI,Perion Network Ltd.
SAAQ,Space Asset Acquisition Corp.
VKI,Invesco Advantage Municipal Income Trust
RM,Regional Management Corp.
MGMNF,MAGNA MINING INC.
EH,EHang Holdings Ltd
OPAL,OPAL Fuels Inc.
IMXI,"International Money Express, Inc."
FRST,Primis Financial Corp.
NREF,"NexPoint Real Estate Finance, Inc."
GMTL,Guardian Metal Resources PLC
SDHY,PGIM Short Duration High Yield Opportuni
VHI,VALHI INC /DE/
LRMR,"Larimar Therapeutics, Inc."
GUAC,Berto Acquisition Corp. II
ELVA,Electrovaya Inc.
EPRX,EUPRAXIA PHARMACEUTICALS INC.
TACO,Berto Acquisition Corp.
GPAT,GP-Act III Acquisition Corp.
TRVG,trivago N.V.
LSAK,LESAKA TECHNOLOGIES INC
CTEV,Claritev Corp
AIAI,AIAI Holdings Corp
MTAL,Metals Acquisition Corp. II
LE,"LANDS' END, INC."
AIV,APARTMENT INVESTMENT & MANAGEMENT CO
PCAP,ProCap Acquisition Corp
BBCQ,Bleichroeder Acquisition Corp. II
ZKP,Lafayette Digital Acquisition Corp. I
CCCC,"C4 Therapeutics, Inc."
ALF,Centurion Acquisition Corp.
CWH,"Camping World Holdings, Inc."
SCGX,SAXON CAPITAL GROUP INC
RDAG,Republic Digital Acquisition Co
WENN,WEN Acquisition Corp
AII,"American Integrity Insurance Group, Inc."
LEO,"BNY MELLON STRATEGIC MUNICIPALS, INC."
STRO,"SUTRO BIOPHARMA, INC."
VLOS,Velos Acquisition I Corp.
GOTU,Gaotu Techedu Inc.
INRE,"Inland Real Estate Income Trust, Inc."
AUNA,AUNA S.A.
GNE,Genie Energy Ltd.
IACQ,Irenic Acquisition Corp.
PFL,PIMCO INCOME STRATEGY FUND
MVBF,MVB FINANCIAL CORP
VRNO,Verano Holdings Corp.
GBAB,Guggenheim Taxable Municipal Bond & Inve
HTT,High Templar Tech Ltd
FRA,BLACKROCK FLOATING RATE INCOME STRATEGIE
AUTL,Autolus Therapeutics plc
NECB,"NorthEast Community Bancorp, Inc./MD/"
TMCR,Metals Royalty Co Inc.
AWP,abrdn Global Premier Properties Fund
REAX,Real Brokerage Inc
LGSXY,Light S.A./ADR
FCBM,"First Carolina Financial Services, Inc."
MYN,BLACKROCK MUNIYIELD NEW YORK QUALITY FUN
EDD,Morgan Stanley Emerging Markets Domestic
SCTH,"Securetech Innovations, Inc."
MTLS,MATERIALISE NV
HACQ,HCM IV Acquisition Corp.
NCV,Virtus Convertible & Income Fund
MZYX,MOZAYYX Acquisition Corp.
ALLT,Allot Ltd.
SOR,SOURCE CAPITAL /DE/
CVEO,Civeo Corp
WEYS,WEYCO GROUP INC
EBS,Emergent BioSolutions Inc.
ATNI,"ATN International, Inc."
STRT,STRATTEC SECURITY CORP
EAD,ALLSPRING INCOME OPPORTUNITIES FUND
NCMI,"National CineMedia, Inc."
FOF,Cohen & Steers Closed-End Opportunity Fu
PHOE,Phoenix Asia Holdings Ltd
NWFL,NORWOOD FINANCIAL CORP
ALOV,"Aldabra 4 Liquidity Opportunity Vehicle,"
TCI,TRANSCONTINENTAL REALTY INVESTORS INC
LPRO,Open Lending Corp
XPER,Xperi Inc.
WSBF,"Waterstone Financial, Inc."
IPSC,"Century Therapeutics, Inc."
RNLXY,Renalytix plc
SLP,"Simulations Plus, Inc."
NAN,NUVEEN NEW YORK QUALITY MUNICIPAL INCOME
CZFS,CITIZENS FINANCIAL SERVICES INC
LAND,GLADSTONE LAND Corp
LND,BrasilAgro - Brazilian Agricultural Real
CRNC,Cerence Inc.
NOA,North American Construction Group Ltd.
FCRS,FutureCrest Acquisition Corp.
FVAV,Fortress Value Acquisition Corp. V
ZIP,"ZIPRECRUITER, INC."
GSRV,GSR V Acquisition Corp.
OIM,OneIM Acquisition Corp.
PAMT,PAMT CORP
NATR,NATURES SUNSHINE PRODUCTS INC
SDHI,Siddhi Acquisition Corp (Cayman Islands)
XFOR,"X4 Pharmaceuticals, Inc"
GEVO,"Gevo, Inc."
ARTNA,ARTESIAN RESOURCES CORP
GIX,GigCapital9 Corp.
ASPN,ASPEN AEROGELS INC
ALUB,Alussa Energy Acquisition Corp. II
ENTA,ENANTA PHARMACEUTICALS INC
CMCL,Caledonia Mining Corp Plc
PINE,"Alpine Income Property Trust, Inc."
PESI,PERMA FIX ENVIRONMENTAL SERVICES INC
NC,NACCO INDUSTRIES INC
CMPX,"Compass Therapeutics, Inc."
TWFG,"TWFG, Inc."
TACH,Titan Acquisition Corp.
IKT,"Inhibikase Therapeutics, Inc."
RBBN,Ribbon Communications Inc.
DMAC,DiaMedica Therapeutics Inc.
OTGA,OTG Acquisition Corp. I
PLAY,"Dave & Buster's Entertainment, Inc."
CCII,Cohen Circle Acquisition Corp. II
FTW,PRESIDIO PRODUCTION Co
XRX,Xerox Holdings Corp
RPAY,Repay Holdings Corp
ACAA,Averin Capital Acquisition Corp.
MOBI,"Mobia Medical, Inc."
AVBH,"Avidbank Holdings, Inc."
JRI,Nuveen Real Asset Income & Growth Fund
KCHV,Kochav Defense Acquisition Corp.
ARCI,Archimedes Tech SPAC Partners III Co.
ENHA,Enhanced Group Inc.
PRLD,Prelude Therapeutics Inc
VALU,VALUE LINE INC
HCIC,Hennessy Capital Investment Corp. VIII
CUVL,Clinuvel Pharmaceuticals Ltd
PAII,Pyrophyte Acquisition Corp. II
KNOP,KNOT Offshore Partners LP
MPTI,"M-tron Industries, Inc."
SOUL,Soulpower Acquisition Corp.
MIY,BLACKROCK MUNIYIELD MICHIGAN QUALITY FUN
UPB,"Upstream Bio, Inc."
FNKO,"Funko, Inc."
SCD,LMP CAPITAL & INCOME FUND INC.
RCKT,"ROCKET PHARMACEUTICALS, INC."
CAPR,"CAPRICOR THERAPEUTICS, INC."
CURR,Currenc Group Inc.
YICC,Yorkville International Capital Corp.
SBXE,SilverBox Corp V
FENC,FENNEC PHARMACEUTICALS INC.
HIX,WESTERN ASSET HIGH INCOME FUND II INC.
BDCI,BTC Development Corp.
OYSE,Oyster Enterprises II Acquisition Corp
TSBK,TIMBERLAND BANCORP INC
JGH,Nuveen Global High Income Fund
BLZR,Trailblazer Acquisition Corp.
AXIN,Axiom Intelligence Acquisition Corp 1
PALI,"PALISADE BIO, INC."
MLP,MAUI LAND & PINEAPPLE CO INC
RNGR,"Ranger Energy Services, Inc."
LXEO,"Lexeo Therapeutics, Inc."
SHIP,Seanergy Maritime Holdings Corp.
RMR,RMR GROUP INC.
HCMA,HCM III ACQUISITION CORP.
DSAC,Daedalus Special Acquisition Corp.
SORN,Soren Acquisition Corp.
ZUMZ,Zumiez Inc
ONIT,ONITY GROUP INC.
KTF,DWS MUNICIPAL INCOME TRUST
ATAC,Albatross Acquisition Corp
IPCX,Inflection Point Acquisition Corp. III
HPF,JOHN HANCOCK PREFERRED INCOME FUND II
TLS,TELOS CORP
ALTO,"Alto Ingredients, Inc."
MCI,BARINGS CORPORATE INVESTORS
IPFX,Inflection Point Acquisition Corp. VI
AEF,"abrdn Emerging Markets ex-China Fund, In"
KEYY,Keystone Acquisition Corp.
MSC,STUDIO CITY INTERNATIONAL HOLDINGS Ltd
ABEO,ABEONA THERAPEUTICS INC.
MRLN,"Merlin, Inc."
HLLY,Holley Inc.
AACI,Armada Acquisition Corp. III
PTLO,Portillo's Inc.
AGCC,Agencia Comercial Spirits Ltd.
SEG,Seaport Entertainment Group Inc.
CIX,COMPX INTERNATIONAL INC
ISSC,INNOVATIVE SOLUTIONS & SUPPORT INC
CAII,Collective Acquisition Corp. II
BRW,Saba Capital Income & Opportunities Fund
AKBA,"Akebia Therapeutics, Inc."
FVCB,"FVCBankcorp, Inc."
AVIR,"Atea Pharmaceuticals, Inc."
HIO,WESTERN ASSET HIGH INCOME OPPORTUNITY FU
BEAG,Bold Eagle Acquisition Corp.
BLUW,Blue Water Acquisition Corp. III
BCML,BayCom Corp
JMSB,"John Marshall Bancorp, Inc."
TWIN,TWIN DISC INC
UXIN,Uxin Ltd
COSO,"CoastalSouth Bancshares, Inc."
API,"Agora, Inc."
CV,"CapsoVision, Inc"
CEPV,"Cantor Equity Partners V, Inc."
CARL,"CARLSMED, INC."
ORGO,Organogenesis Holdings Inc.
NLCP,"NewLake Capital Partners, Inc."
BKT,"BLACKROCK INCOME TRUST, INC."
ELMD,"Electromed, Inc."
SPXX,Nuveen S&P 500 Dynamic Overwrite Fund
GASS,StealthGas Inc.
DGXX,Digi Power X Inc.
SBC,SBC Medical Group Holdings Inc
FCCO,FIRST COMMUNITY CORP /SC/
CAF,"Morgan Stanley China A Share Fund, Inc."
NODK,"NI Holdings, Inc."
ZNTL,"Zentalis Pharmaceuticals, Inc."
XPOF,"Xponential Fitness, Inc."
BKKT,"Bakkt, Inc."
CATX,"Perspective Therapeutics, Inc."
MTRX,MATRIX SERVICE CO
RCKY,"ROCKY BRANDS, INC."
DBI,Designer Brands Inc.
XNET,Xunlei Ltd
FERA,Fifth Era Acquisition Corp I
DRDB,Roman DBDR Acquisition Corp. II
FSBW,"FS Bancorp, Inc."
PACH,Pioneer Acquisition I Corp
GRRR,Gorilla Technology Group Inc.
ASG,LIBERTY ALL STAR GROWTH FUND INC.
SZZL,Sizzle Acquisition Corp. II
RR,RICHTECH ROBOTICS INC.
OBA,Oxley Bridge Acquisition Ltd
MRAM,EVERSPIN TECHNOLOGIES INC.
PPT,PUTNAM PREMIER INCOME TRUST
BGT,BLACKROCK FLOATING RATE INCOME TRUST
EVOX,Evolution Global Acquisition Corp
KOYN,"CSLM Digital Asset Acquisition Corp III,"
YSG,Yatsen Holding Ltd
HBB,Hamilton Beach Brands Holding Co
TTGT,"TechTarget, Inc."
AIRS,"Airsculpt Technologies, Inc."
BRBS,"BLUE RIDGE BANKSHARES, INC."
ALDF,Aldel Financial II Inc.
JOF,JAPAN SMALLER CAPITALIZATION FUND INC
PMTR,Perimeter Acquisition Corp. I
CAES,"Cantor Equity Partners VII, Inc."
NXG,NXG NextGen Infrastructure Income Fund
RFMZ,RiverNorth Flexible Municipal Income Fun
POLE,Andretti Acquisition Corp. II
LYEL,"Lyell Immunopharma, Inc."
SAC,Safeguard Acquisition Corp.
VCRE,Vicore Pharma Holding AB
SPCE,"Virgin Galactic Holdings, Inc"
MTC,"MMTEC, INC."
RNGT,Range Capital Acquisition Corp II
JACS,Jackson Acquisition Co II
FLXS,FLEXSTEEL INDUSTRIES INC
PLTS,Platinum Analytics Cayman Ltd
ATII,Archimedes Tech SPAC Partners II Co.
AGD,abrdn Global Dynamic Dividend Fund
TVA,Texas Ventures Acquisition III Corp
SNDL,SNDL Inc.
RFI,COHEN & STEERS TOTAL RETURN REALTY FUND 
MKLY,McKinley Acquisition Corp
AFB,ALLIANCEBERNSTEIN NATIONAL MUNICIPAL INC
AEAQ,Activate Energy Acquisition Corp.
CMII,Columbus Circle Capital Corp II
SAR,SARATOGA INVESTMENT CORP.
SVIV,Spring Valley Acquisition Corp. IV
TEI,TEMPLETON EMERGING MARKETS INCOME FUND
AIRJ,AirJoule Technologies Corp.
LEGO,Legato Merger Corp. IV
ILLU,Illumination Acquisition Corp. I
EFR,Eaton Vance Senior Floating-Rate Trust
AACO,Abony Acquisition Corp. I
PRE,Prenetics Global Ltd
NNDM,Nano Dimension Ltd.
NMRA,"Neumora Therapeutics, Inc."
VACI,Viking Acquisition Corp I
BUKS,BUTLER NATIONAL CORP
MXF,MEXICO FUND INC
LPBB,Launch Two Acquisition Corp.
JACK,JACK IN THE BOX INC
VNDA,Vanda Pharmaceuticals Inc.
RIV,"RIVERNORTH OPPORTUNITIES FUND, INC."
PSBD,Palmer Square Capital BDC Inc.
TMTS,Spartacus Acquisition Corp. II
LWAC,LightWave Acquisition Corp.
FNRN,FIRST NORTHERN COMMUNITY BANCORP
RAC,Rithm Acquisition Corp.
ASLE,AerSale Corp
VHCP,Vine Hill Capital Investment Corp. II
OFLX,"Omega Flex, Inc."
AENT,ALLIANCE ENTERTAINMENT HOLDING CORP
MOVE,"Corvex, Inc."
ITHA,ITHAX Acquisition Corp III
MYFW,First Western Financial Inc
LAB,STANDARD BIOTOOLS INC.
FDBC,FIDELITY D & D BANCORP INC
GTERA,Globa Terra Acquisition Corp
ISBA,ISABELLA BANK CORP
EMF,TEMPLETON EMERGING MARKETS FUND
NBH,NEUBERGER MUNICIPAL FUND INC.
CCFN,MUNCY COLUMBIA FINANCIAL Corp
ARQQ,Arqit Quantum Inc.
CION,CION Investment Corp
FHTX,Foghorn Therapeutics Inc.
EFTY,"ETOILES CAPITAL GROUP CO., LTD"
BIXI,Bitcoin Infrastructure Acquisition Corp 
CMTG,"Claros Mortgage Trust, Inc."
MSB,MESABI TRUST
JENA,JENA ACQUISITION Corp II
BKTI,BK Technologies Corp
OPTU,"Optimum Communications, Inc."
BRBI,BRBI BR Partners S.A.
LCNB,LCNB CORP
JAKK,JAKKS PACIFIC INC
QLEP,Quantum Leap Acquisition Corp
HVMC,Highview Merger Corp.
BGS,"B&G Foods, Inc."
GSRF,GSR IV Acquisition Corp.
FUND,SPROTT FOCUS TRUST INC.
NHIC,NewHold Investment Corp. III
NCA,NUVEEN CALIFORNIA MUNICIPAL VALUE FUND
NEGG,"Newegg Commerce, Inc."
ARDC,"Ares Dynamic Credit Allocation Fund, Inc"
WNEB,"Western New England Bancorp, Inc."
BACC,Blue Acquisition Corp/Cayman
ACGC,ACP Holdings Acquisition Corp.
HRZN,Horizon Technology Finance Corp
GPAC,General Purpose Acquisition Corp.
MTNE,CH4 Natural Solutions Corp
HCAC,Hall Chadwick Acquisition Corp
SUPX,SuperX AI Technology Ltd
SVAQ,Silicon Valley Acquisition Corp.
IRHO,Iron Horse Acquisition II Corp.
OIA,Invesco Municipal Income Opportunities T
PPHC,"Public Policy Holding Company, Inc."
AACP,Apogee Acquisition Corp
ABAT,AMERICAN BATTERY TECHNOLOGY Co
VOXR,VOX ROYALTY CORP.
FUNC,FIRST UNITED CORP/MD/
FWDI,"Forward Industries, Inc."
AACB,Artius II Acquisition Inc.
KINS,"KINGSTONE COMPANIES, INC."
SGLA,Sino Green Land Corp.
LZM,Lifezone Metals Ltd
DSM,BNY MELLON STRATEGIC MUNICIPAL BOND FUND
AERG,"APPLIED ENERGETICS, INC."
MASS,908 Devices Inc.
AMRN,AMARIN CORP PLC\UK
PNRG,PRIMEENERGY RESOURCES CORP
JWSMF,Jaws Mustang Acquisition Corp
NL,NL INDUSTRIES INC
AFRI,Forafric Global PLC
FRAF,FRANKLIN FINANCIAL SERVICES CORP /PA/
ADAC,American Drive Acquisition Co
OVLY,Oak Valley Bancorp
BPRN,"Princeton Bancorp, Inc."
OSS,"ONE STOP SYSTEMS, INC."
SGHT,"Sight Sciences, Inc."
PMO,FRANKLIN MUNICIPAL OPPORTUNITIES TRUST
REI,"RING ENERGY, INC."
FGII,FG Imperii Acquisition Corp.
UCFI,CN Healthy Food Tech Group Corp.
LPCV,Launchpad Cadenza Acquisition Corp I
CLW,Clearwater Paper Corp
KPET,KPET Ultra Paceline Corp
BORAY,"Bora Pharmaceuticals Co., Ltd./ADR"
NCZ,Virtus Convertible & Income Fund II
ALCO,"ALICO, INC."
XFLT,XAI Floating Rate & Alternative Income T
CLLS,Cellectis S.A.
EFT,Eaton Vance Floating-Rate Income Trust
RMM,RiverNorth Managed Duration Municipal In
BRT,BRT Apartments Corp.
NWBO,NORTHWEST BIOTHERAPEUTICS INC
NTPIF,NAM TAI PROPERTY INC.
CUB,Lionheart Holdings
MMD,NYLI MacKay DefinedTerm Muni Opportuniti
TVAI,Thayer Ventures Acquisition Corp II
BGH,BARINGS GLOBAL SHORT DURATION HIGH YIELD
VELO,"Velo3D, Inc."
IRD,"Opus Genetics, Inc."
VRXA,Veraxa Biotech Holding AG
GLOO,"Gloo Holdings, Inc."
NXDT,NEXPOINT DIVERSIFIED REAL ESTATE TRUST
NPCT,Nuveen Core Plus Impact Fund
ZH,Zhihu Inc.
ESOA,Energy Services of America CORP
XCBE,X3 Acquisition Corp. Ltd.
MBI,MBIA INC
TKNO,"Alpha Teknova, Inc."
SITKF,Sitka Gold Corp.
CBNA,CHAIN BRIDGE BANCORP INC
DBL,DoubleLine Opportunistic Credit Fund
NHIV,NewHold Investment Corp IV
DVLT,Datavault AI Inc.
HLXC,Helix Acquisition Corp. III
SSP,E.W. SCRIPPS Co
JCE,Nuveen Core Equity Alpha Fund
ACV,Virtus Diversified Income & Convertible 
OSUR,ORASURE TECHNOLOGIES INC
IMRX,Immuneering Corp
SBXD,SilverBox Corp IV
RELL,"RICHARDSON ELECTRONICS, LTD."
FXNC,FIRST NATIONAL CORP /VA/
ELLO,Ellomay Capital Ltd.
JILL,"J.Jill, Inc."
RAIL,"FreightCar America, Inc."
ESCA,ESCALADE INC
BCYC,BICYCLE THERAPEUTICS PLC
EOD,ALLSPRING GLOBAL DIVIDEND OPPORTUNITY FU
XSLL,Xsolla SPAC 1
JDZG,JIADE Ltd
BYND,"BEYOND MEAT, INC."
HVII,Hennessy Capital Investment Corp. VII
MIN,ABERDEEN INTERMEDIATE INCOME FUND
CEPO,"Cantor Equity Partners I, Inc."
PMM,PUTNAM MANAGED MUNICIPAL INCOME TRUST
MUZE,Muzero Acquisition Corp
ATLO,AMES NATIONAL CORP
TCPC,BlackRock TCP Capital Corp.
RLTY,Cohen & Steers Real Estate Opportunities
HWBK,"HAWTHORN BANCSHARES, INC."
FATE,FATE THERAPEUTICS INC
DSC,DSC Holdings Ltd.
AIBZ,Bitzero Holdings Inc.
EGHT,8X8 INC /DE/
KWY,KINGSWAY Corp
EOT,Eaton Vance National Municipal Opportuni
HCKT,"HACKETT GROUP, INC."
FRD,FRIEDMAN INDUSTRIES INC
LAW,"CS Disco, Inc."
DSX,DIANA SHIPPING INC.
DNMX,Dynamix Corp III
CFFI,C & F FINANCIAL CORP
MPAA,MOTORCAR PARTS OF AMERICA INC
NSLR,Neostellar Capital Corp.
OPRT,Oportun Financial Corp
SLGL,Sol-Gel Technologies Ltd.
RILY,"BRC Group Holdings, Inc."
CMRC,"Commerce.com, Inc."
TLSI,"TriSalus Life Sciences, Inc."
ALXO,ALX ONCOLOGY HOLDINGS INC
TMCI,"TREACE MEDICAL CONCEPTS, INC."
TDF,TEMPLETON DRAGON FUND INC
CLCHF,Clinch Resources Ltd.
AGEN,AGENUS INC
FUBO,FuboTV Inc.
LCTX,"Lineage Cell Therapeutics, Inc."
SABS,"SAB Biotherapeutics, Inc."
TG,TREDEGAR CORP
CDPMF,Cerro de Pasco Resources Inc.
AVNW,"AVIAT NETWORKS, INC."
RC,Ready Capital Corp
CYDY,CytoDyn Inc.
PROF,Profound Medical Corp.
OACC,Oaktree Acquisition Corp. III Life Scien
NNBR,NN INC
TSSI,"TSS, Inc."
CDZI,CADIZ INC
